59.25,8
51.33,20
140.33,3
109.33,3
185.75,1
185.76,1
161.8,1
161.5,25
161.6,2
153.1,1
153.7,1
153.5,27
45.8,7
-16.5,1
45.3,14
45.2,2
45.1,4
45.6,3
45.5,50778
45.4,1
44.55,3
44.56,2
147.75,2
17.39,7
72.28,2
72.25,24
72.22,5
17.35,1
270,75
271,13
272,9
273,3
274,7
275,80
276,8
277,5
278,6
279,5
69.25,14
135.94,1
135.97,1
14.57,1
107.44,2
65.76,1
31.89,1
31.88,1
31.83,49
31.85,3
68.23,1
68.22,1
28.98,7
68.26,1
68.25,260
68.24,1
28.91,1
28.97,1
136.16,1
128.75,3
155.58,1
155.59,1
13.37,1
155.51,1
13.33,19
155.55,51
18.11,2
18.12,3
18.18,1
127.58,1
99,859
98,1210
5.11,1
5.16,1
5.15,4
91,933
90,8160
93,1475
92,1614
95,4178
94,1055
97,1231
96,1318
50.51,1
100.09,6
100.08,2
50.55,68
100.03,6
100.02,13
100.01,21
100.07,4
100.06,2
100.05,8
100.04,8
105.44,1
422.45,1
390.07,1
51.8,5
51.9,2
52.59,1
52.57,1
51.1,2
52.55,12
51.3,1
51.4,2
52.52,8
52.51,1
51.7,1
77.8,4
77.4,1
77.5,2687
77.6,3
77.7,3
77.1,1
77.3,4
21.33,7
21.32,1
21.37,1
215.55,5
21.39,1
43.68,2
43.69,1
98.64,1
98.66,1
43.66,2
178.75,6
178.79,1
126.6,1
126.4,1
126.5,121
126.8,2
14.41,1
14.46,1
14.44,11
14.45,5
159.33,1
114.9,1
114.8,3
17.33,7
114.5,222
114.6,2
302.54,1
267.75,1
390,9
17.34,1
395,3
394,2
399,1
398,1
7025.5,1
54.78,1
0.85,1
131.74,1
131.75,29
179,52
178,91
177,58
176,103
175,472
174,80
173,73
172,101
171,125
170,605
164.5,28
267.5,1
130.75,20
651.07,1
61.99,1
114.85,1
114.83,1
64.42,1
114.88,1
387.41,1
128.8,2
128.9,2
9.08,2
128.5,95
128.7,1
2.79,5
71.11,4
422.5,1
90.58,1
90.55,7
162.42,1
2.73,2
2.75,5
2.76,1
9.05,4
-7.5,19
120.22,1
100.8,2
100.9,3
120.25,5
100.2,4
100.3,1
202.25,2
100.4,1
100.5,336
474.5,1
150.08,1
150.01,7
63.99,3
85.25,22
168.99,1
620.01,1
146.75,1
4.06,3
1.21,1
4.05,8
4.01,1
4.08,1
57.44,2
57.48,1
47.89,1
78.75,7
78.77,1
22.21,1
47.83,29
22.22,62
22.25,3
47.87,1
47.85,1
253.07,4
187.66,1
196.5,14
196.4,1
136.36,1
185.55,3
16.66,22
127.39,5
126.69,1
127.33,5
50.2,4
40.8,18
40.9,3
40.2,4
40.3,18
40.1,1
40.6,2
40.7,3
40.4,8
40.5,102878
17.15,1
17.17,2
32.55,3
32.54,1
32.51,1
32.52,1
-51.5,1
72.49,1
62.8,4
62.9,3
62.5,10953
62.2,1
62.3,12
72.44,2
62.1,1
37.89,1
11.19,1
11.16,2
37.83,74
11.15,5
11.12,3
11.13,1
11.11,206
258,12
259,10
252,9
253,7
250,517
251,10
256,23
257,18
254,9
255,32
3.83,4
3.82,1
3.87,1
3.85,13
3.88,1
80.25,40
80.24,1
-39.5,1
80.23,1
80.22,1
26.25,9
26.26,1
146.16,1
107.68,1
65.99,3
76.8,4
65.95,1
33.42,1
68.49,1
339.7,5
68.45,2
128.15,1
112.83,1
35.87,1
13.15,4
35.85,3
35.84,1
35.83,64
35.82,2
13.12,4
13.13,2
35.88,1
149.95,2
217.5,5
149.99,7
149.98,1
18.33,13
18.32,1
5.71,1
5.74,1
5.75,27
105.25,6
50.75,8
113.25,6
226.99,1
113.23,1
207.6,1
207.5,6
344.5,1
244.44,3
411.69,1
21.58,2
21.51,2
21.52,1
21.55,2
152.5,32
390.2,1
142.22,4
204.08,7
-37.5,1
221.5,5
14.63,2
14.65,2
14.68,2
132.58,1
488.86,13
177.77,13
19.39,3
19.37,1
19.32,1
19.33,5
151,115
150,3146
153,154
152,361
155,399
154,142
157,119
156,182
159,68
158,118
131.58,1
10.83,3
-110.5,1
130.58,2
212.12,1
130.51,1
130.55,3
408.29,1
87.09,1
87.05,2
5.12,1
48.67,1
48.66,1
5.13,1
109.8,4
109.5,255
109.4,1
5.18,4
90.75,8
384.5,1
50.53,1
92.8,3
93.73,2
92.3,9
92.2,1
92.1,1
92.7,3
92.6,5
92.5,571
92.4,1
54.99,5
85.05,1
85.01,4
85.02,1
85.08,2
150.25,4
186.5,15
186.7,1
83.08,1
186.8,1
252.25,1
332.5,2
7.25,30
22.05,2
306,7
22.01,2
272.5,1
115.01,1
106.5,225
34.11,2
229.74,1
25.43,2
82.02,1
24.05,2
82.08,1
140.75,17
127.12,1
127.18,1
44.3,5
44.94,1
44.95,1
44.1,1
44.99,3
108.75,3
72.65,1
32.75,18
32.74,2
88.19,1
109.75,5
57.84,1
238,21
239,9
234,14
235,52
236,20
237,34
230,155
231,20
232,20
233,13
146.36,111
146.33,1
52.53,1
51.5,22822
80.02,1
80.01,13
80.06,2
80.05,2
80.08,1
26.05,3
42.55,2
11.35,11
11.37,2
11.31,1
11.32,2
11.33,3
11.38,3
11.39,1
12.75,10
6.45,5
6.47,1
6.41,2
12.78,1
208.25,1
27.48,1
128.33,2
155.99,1
107.07,3
5.56,1
5.55,65
5.52,1
5.51,3
149.75,17
5.58,2
24.8,2
24.9,6
40.55,9
105.04,1
24.5,576239
24.6,9
24.7,8
24.1,8
24.2,7
24.3,9
68.66,2
68.63,1
113.08,2
28.55,3
28.53,2
68.68,2
178.3,1
313.98,1
178.7,2
178.5,12
143.33,3
21.75,9
21.72,1
21.78,51
98.21,1
98.25,28
98.28,1
60.85,2
204.25,1
60.83,5
60.88,2
251.83,1
173.12,9
173.11,2
62.83,10
62.82,1
62.87,1
62.85,1
62.88,1
275.75,1
2,76
166.75,3
14.88,2
150.5,24
14.85,1
14.83,1
60.75,11
290.83,1
74.63,1
132.75,3
171.11,1
283.5,2
46.5,41985
46.6,2
46.7,2
76.86,1
46.2,3
46.3,5
94.15,1
668.49,1
94.16,2
94.11,1
300.01,1
300.05,1
133.75,4
19.53,1
19.57,1
19.54,1
19.55,5
104.8,6
104.6,1
131.33,1
104.4,2
104.5,520
104.2,1
131.34,1
104.1,2
212.32,6
75.49,1
327.75,1
327.72,1
37.02,4
48.42,1
48.41,1
225.25,1
110.02,1
96.11,1
74.83,4
74.85,1
74.86,1
90.11,3
90.12,1
90.15,3
90.16,2
-3.25,1
87.25,372
87.26,3
87.28,3
218.18,1
47.99,3
202.66,1
57.78,1
85.66,2
254.45,1
47.91,21
22.55,4
47.94,1
83.28,1
66.85,1
83.23,1
66.83,10
83.25,235
83.26,1
-230,1
57.89,2
57.88,20
47.49,1
57.83,1057
57.82,14
57.81,4
118.92,1
118.95,1
57.86,2
57.85,4
118.96,1
-70,2
-77,2
-75,2
-79,1
229.58,1
67.25,16
67.23,1
82.22,3
42.98,1
42.99,2
82.25,24
24.22,1
42.97,1
42.94,1
13.8,49
13.9,38
13.6,5
13.7,26
13.4,16
13.5,3171866
13.2,32
13.3,59
13.1,24
88.88,81
93.37,1
93.35,1
93.33,6
39.38,1
39.39,1
39.36,4
39.33,72
93.38,1
32.11,1
32.12,1
32.14,10
348.41,1
108.55,1
72.88,1
72.83,8
187.25,1
59.83,7
59.85,1
-648.42,1
59.88,22
185.45,1
216,21
217,44
214,32
215,95
212,65
213,30
210,197
211,23
213.8,2
218,37
219,16
40.94,1
26.64,1
26.67,1
26.66,4
40.99,1
-15.5,8
143.75,2
80.67,1
10.55,33
10.54,1
10.57,1
10.56,1
10.51,4
181.11,1
10.52,1
10.59,1
110.44,1
131.1,1
131.5,68
11.52,2
11.51,1
11.54,2
11.55,16
37.45,4
37.44,5
11.58,6
11.59,1
37.41,1
37.43,1
6.62,3
6.63,4
12.51,1
6.66,19
6.67,1
12.55,18
6.65,7
12.58,5
106.83,1
286.75,1
63.33,16
13.58,2
13.51,1
13.52,1
35.47,1
13.55,17
13.56,2
35.44,2
107.25,7
22.54,2
124.66,1
124.65,1
12.94,1
28.75,3
28.76,2
28.73,2
28.78,3
68.89,6
68.88,14
340.93,1
68.83,11
129.33,3
149.55,1
21.95,1
103.5,249
103.6,1
103.2,1
-651.92,1
17.05,1
31.6,2
31.7,1
31.4,2
31.5,333493
31.2,4
31.3,22
31.1,1
102.83,1
102.84,1
102.87,1
31.9,2
173.33,4
12.15,2
6.25,25
17.08,3
12.11,5
7.15,5
7.11,2
7.12,1
145.33,1
171.75,1
94.33,4
177.37,1
455.51,1
177.33,2
19.75,6
300.21,1
89.99,5
89.95,6
199,57
131.11,3
195,146
194,68
197,52
196,59
191,63
190,404
193,37
192,83
96.9,4
96.8,2
364.74,1
96.4,4
193.5,4
30.94,1
96.75,133
96.76,2
96.78,3
48.25,138
48.26,1
116.25,4
182.5,9
90.37,1
90.35,1
377.13,1
90.33,2
134.42,1
134.44,1
87.44,1
87.45,1
256.66,1
120.85,1
68.11,1
54.59,1
54.55,3
54.54,2
150.66,1
54.51,1
70.07,1
85.44,1
70.36,1
70.33,8
91.16,1
51.88,3
91.15,1
91.11,3
51.83,23
51.85,1
51.84,2
203.61,1
47.66,1
-46.5,1
-55,4
-54,1
-50,8
-53,1
-52,227
-58,2
122.83,1
67.01,2
136.91,1
82.44,2
351.11,2
498,2
499,10
494,2
495,2
497,1
490,8
39.14,1
53.85,1
53.83,9
39.13,2
222.2,3
222.5,3
53.88,1
93.11,1
32.38,1
32.37,1
32.33,71
58.04,1
58.05,2
58.02,1
58.01,4
108.33,2
58.08,2
108.35,1
137.13,1
137.19,2
24.45,1
24.44,2
27.62,1
16.35,2
20.1,15
16.37,6
20.3,9
20.4,21
20.5,992229
20.6,8
20.7,5
20.8,11
20.9,6
26.45,2
40.75,5
16.39,1
181.75,2
10.75,20
110.66,2
238.5,3
37.68,1
37.62,2
11.74,1
11.75,6
37.65,2
12.38,3
6.01,2
12.33,3
12.32,2
6.04,1
6.05,6
12.37,1
12.36,1
35.25,1
35.24,2
35.29,2
35.28,2
180.74,4
180.75,2
180.73,1
296.14,1
211.08,1
180.78,1
29.94,2
5.99,1
29.93,1
5.92,1
5.91,3
29.99,3
5.95,4
245.25,1
28.12,1
77.95,1
77.99,3
46.05,1
46.03,1
46.08,1
129.58,1
154.5,60
154.4,1
154.8,1
129.55,1
129.57,1
129.56,1
75.99,1
83.9,6
83.8,1
83.3,3
83.2,1
83.5,1133
83.4,1
83.6,1
91.4,2
91.5,627
91.6,1
91.2,1
91.3,2
-28,4
91.8,1
-24,2
33.38,1
144.8,3
313.57,1
33.36,1
33.31,2
33.33,113
189.5,10
-73.5,1
265.5,1
81.95,1
271.5,2
198.75,3
250.75,1
271.1,1
7.33,3
319,1
318,4
145.11,1
313,6
312,9
311,1
310,21
317,2
316,4
315,14
314,2
313.5,4
160.8,1
160.4,1
171.55,1
-17.5,5
133.31,1
133.33,48
190.54,2
190.53,2
19.99,16
19.95,2
19.93,1
1.61,1
18.03,3
326.5,1
18.05,3
94.55,1
94.58,3
48.03,1
114.01,1
220.22,2
220.21,1
448.84,1
96.58,3
96.54,1
157.25,6
53.75,8
37,167918
71.99,2
134.22,1
87.65,3
87.66,3
134.25,1
930.01,1
124.33,2
54.75,26
64.44,5
64.43,1
0.58,4
50.45,1
70.11,1
70.16,1
174.75,1
-19.5,5
91.33,2
50.8,8
50.5,25220
50.4,1
50.7,3
50.6,3
50.1,5
50.3,10
108.06,1
76.2,4
76.5,3218
76.7,1
7.51,1
151.66,2
337,2
47.03,1
108.08,3
118.58,1
330,11
7.56,1
332,6
229.99,1
-38,2
-36,1
-35,1
-34,2
-33,1
-30,4
67.69,2
408,2
67.66,2
38.75,2
39.71,1
370.13,6
39.75,45
53.67,2
53.66,1
109.3,1
93.78,3
4.88,2
-275,1
4.87,2
4.85,6
4.83,2
93.74,1
93.75,164
17.99,1
17.92,1
17.95,1
25.44,1
58.28,2
58.29,1
25.41,1
58.24,1
58.25,271
58.26,1
58.21,1
58.23,2
137.35,1
126.36,1
140.99,1
115.5,182
42.59,1
24.67,1
115.9,1
24.65,1
24.64,1
42.53,2
80.6,1
80.7,1
80.4,2
80.5,1716
80.2,2
27.49,1
80.1,4
80.8,8
9.97,1
-85.5,1
9.95,11
9.93,3
9.91,2
146.98,1
146.99,1
40.58,2
9.99,15
16.13,5
16.12,2
16.11,2
100.1,5
16.16,1
143.35,1
143.38,1
280.5,2
280.1,1
9000.6,1
10.19,9
400.45,1
10.11,9
10.13,6
10.12,6
10.15,2
10.17,1
110.08,1
110.09,1
37.05,2
37.09,2
110.01,2
110.04,1
110.05,1
208.88,1
88.83,1
88.81,1
88.86,1
88.85,3
88.84,1
35.05,1
35.04,1
35.03,1
35.02,1
35.01,1
107.9,1
107.8,2
107.3,2
955,1
107.7,1
138.25,3
180.56,1
315.33,1
263.75,1
28.33,20
217.25,2
12.17,1
6.24,1
40.22,1
6.22,1
12.12,3
46.25,19
9.85,5
9.88,1
148.99,1
188.75,9
222.21,2
149.11,1
149.17,3
265.67,1
265.66,1
98.83,4
-6.5,39
98.88,1
396,2
269.25,1
102.44,1
33.58,1
129.75,2
33.53,2
33.55,2
-36.5,1
62.28,1
597,1
62.25,20
62.22,8
39.78,1
268.5,3
268.3,1
249.33,1
425.25,1
47.47,1
-635.92,1
710.26,1
81.78,2
81.75,74
81.76,1
250.55,1
7.58,12
339,3
338,2
335,12
334,1
7.52,2
7.53,4
7.54,1
7.55,19
333,1
7.57,6
169.69,1
197.5,5
41.9,1
41.8,11
41.7,2
41.5,90496
41.3,18
41.2,1
41.1,2
63.3,10
63.1,1
144.75,3
63.7,1
63.6,2
63.5,11286
63.4,2
63.8,6
79.85,2
79.83,3
79.82,1
94.75,12
176.52,1
114.22,1
114.25,2
208.5,7
132.8,1
132.5,76
132.6,2
499.99,1
8.53,5
8.52,2
650.01,1
54.11,3
216.5,5
260.22,72
30.83,35
64.67,2
64.66,2
30.86,1
30.87,1
30.88,1
30.89,1
64.68,1
116.66,10
78.78,3
70.75,7
70.77,3
70.76,1
91.53,1
22.24,3
22.26,1
457.5,1
154.44,2
73.3,4
73.4,2
73.5,5245
73.6,1
154.41,1
73.8,4
206.75,1
47.29,1
22.88,2
22.86,3
47.23,1
22.83,12
234.5,3
47.26,1
-11,3
-10,22
-13,10
-12,4
-15,5
-14,6
-17,7
-16,5
-19,2
-18,3
67.44,1
38.53,2
38.51,1
38.57,17
38.55,3
450,61
271.77,1
455,1
39.58,3
23.25,1
23.23,1
93.58,2
39.53,1
53.47,1
39.55,2
23.28,2
118.76,3
118.75,74
118.78,2
25.68,1
58.42,1
58.43,1
25.66,1
25.62,3
58.45,4
42.75,74
270.75,1
42.72,1
42.73,1
86.78,3
42.78,1
110.1,11
126.11,1
126.12,1
110.5,218
110.4,1
110.9,1
110.8,1
444.44,1
82.82,1
27.22,57
27.26,1
27.25,1
40.32,1
40.33,44
9.75,23
80.88,2
80.83,3
80.82,1
16.75,7
10.37,2
10.36,1
10.35,3
10.33,1
36.83,75
402.75,1
36.88,2
110.25,25
15.55,76
15.53,2
15.51,3
110.29,1
15.58,2
37.29,1
37.25,3
37.24,1
55.11,2
95.8,2
266.66,1
95.1,1
95.2,3
95.3,3
95.4,1
95.5,457
175.83,1
277.64,5
190.5,8
113.83,1
217.45,2
237.35,1
237.36,1
34.88,5
34.84,6
34.85,1
34.86,1
34.83,65
393.22,1
281.91,1
194.33,1
185.5,12
-53.5,1
104.25,7
104.27,1
102.65,1
60.08,1
60.05,1
60.07,1
60.06,4
60.01,39
33.75,19
32.9,4
32.8,22
129.99,1
92.85,1
32.3,12
32.2,3
32.5,303614
32.4,5
32.7,1
32.58,1
62.01,2
62.06,1
8.1,72
8.3,17
8.2,21
8.5,7441568
8.4,39
8.7,13
8.6,35
8.9,80
8.8,11
333.5,1
333.2,1
12.02,1
163.58,1
34.96,1
6.38,1
34.99,1
126.83,1
81.55,1
145.58,1
145.55,9
101.27,1
101.24,1
101.25,5
353,1
296.04,1
7.71,1
79.65,2
1.22,1
79.67,1
79.66,3
359,4
358,1
237.6,1
237.5,11
222.28,1
222.24,1
11.14,1
222.22,22
114.42,1
37.82,2
114.44,12
30.84,1
30.85,2
45.94,2
45.99,9
157.68,2
195.99,5
195.95,2
5003.5,1
295.06,28
54.39,2
260.01,1
54.35,1
260.04,1
260.06,1
260.07,1
117.66,1
70.57,1
70.55,6
25.2,6
25.5,522270
25.4,2
30.68,1
25.6,3
64.01,2
25.8,14
30.62,1
-160.5,1
179.5,15
179.3,2
230.33,1
284.5,2
203.03,1
151.25,5
154.61,1
9.8,35
9.9,20
154.67,1
9.4,17
9.5,6455653
9.6,63
9.7,94
9.1,55
9.2,10
9.3,71
84.8,4
84.9,1
84.2,1
84.3,2
84.1,1
84.6,2
84.7,3
84.4,1
84.5,1072
91.71,1
51.68,9
91.75,17
51.67,1
51.66,2
38.39,1
38.38,1
38.33,81
159.8,2
159.9,1
53.23,1
53.25,250
53.26,1
159.5,21
119.99,12
111.4,1
23.09,1
232.75,3
23.01,1
23.03,1
118.11,2
308.75,1
118.18,1
43.95,1
151.1,1
151.3,2
151.5,29
58.67,1
151.8,2
20.45,2
137.75,18
25.08,1
20.42,1
25.02,2
25.03,1
25.01,105
137.78,1
137.79,1
25.04,20
99.97,1
42.11,2
99.93,1
42.14,1
99.91,2
99.98,3
99.99,78
473,1
470,11
145.8,1
145.7,1
145.5,43
126.77,1
126.75,2
272.14,7
16.56,1
16.55,8
16.54,1
40.11,5
40.12,1
9.51,2
9.56,1
16.59,1
9.55,11
73.2,1
400.01,2
400.08,1
177.5,42
177.7,3
15.75,11
41.91,1
27.05,1
298,4
299,4
296,5
55.35,1
294,3
295,15
292,5
293,4
290,24
55.33,19
47.28,1
106.08,1
180.11,1
47.25,8
46.66,5
27.99,1
0.38,1
0.35,1
0.34,1
0.33,1
46.69,2
46.68,1
41.25,9
75.35,2
75.33,7
152.25,1
152.22,1
104.05,1
104.04,2
104.08,1
216.41,1
315.75,2
71.3,5
71.1,1
71.4,2
71.5,7061
71.8,3
102.02,4
102.04,1
102.08,1
60.25,132
86.95,2
33.94,1
33.95,1
33.93,1
33.91,1
161.75,2
42.93,1
92.65,5
92.63,1
2.84,1
2.85,5
2.86,1
2.82,4
2.83,4
444.41,1
2.88,3
550,2
8.37,1
8.35,1
8.34,1
8.33,4
8.32,1
8.38,3
163.31,4
-28.5,2
332.08,4
103.03,1
103.08,2
13.11,4
81.33,7
81.32,1
81.35,1
155.73,1
84.92,3
62.62,1
62.66,1
84.99,1
112.2,1
112.1,2
112.6,1
112.5,249
6.7,51
6.6,60
6.5,8650004
6.4,18
6.3,27
6.2,41
12.5,3808389
12.4,8
12.9,35
12.8,22
6.9,83
6.8,26
249.75,2
1.01,1
1.02,2
144.33,2
379,1
101.01,3
79.48,1
7.99,1
101.08,1
7.95,6
373,3
372,1
375,14
7.91,1
376,1
212.5,20
288.88,3
141.05,2
786.08,1
18.35,2
114.64,1
114.67,1
114.63,1
93.55,4
209.05,1
45.75,10
-9,15
329.99,1
197.83,1
39.56,1
27.08,1
262.22,1
115.41,1
115.48,1
90.2,3
30.44,1
30.45,1
64.25,17
64.24,139
117.44,1
30.49,2
157.45,1
124.25,4
174.5,21
30.8,20
174.2,1
30.3,10
30.1,5
30.7,6
30.6,10
30.5,360439
174.8,1
258.58,1
67.85,1
67.83,28
-5.5,103
125.55,35
125.51,3
94.4,1
91.95,1
91.93,3
49.66,1
7.2,46
7.3,136
7.1,27
7.6,16
7.7,84
7.4,18
7.5,8233231
7.8,67
7.9,56
53.03,2
93.99,1
53.01,4
23.63,1
118.33,1
308.13,1
-124,1
-125,1
-120,2
25.25,4
58.88,24
186.25,3
58.85,2
58.83,17
20.62,1
20.65,3
20.64,1
20.69,21
42.39,2
42.33,48
126.58,1
42.37,1
415,3
410,1
38.12,1
38.11,43
413,1
418,1
38.19,1
9.33,1
9.35,5
9.37,8
9.38,3
143.99,1
194.5,15
194.9,1
194.8,1
82.88,1
440.02,1
42.8,5
42.9,2
15.18,2
15.12,4
42.1,4
42.2,3
42.3,6
42.4,1
42.5,80605
42.6,1
42.7,4
55.58,1
55.59,1
60.8,2
60.9,1
60.4,1
60.5,11219
60.6,8
60.7,2
55.56,2
60.1,9
60.2,4
55.55,518
210.25,1
88.25,40
138.41,1
211.85,1
358.16,1
0.15,1
95.88,3
0.17,1
0.16,2
0.11,29
0.13,1
0.12,1
95.81,10
95.83,2
95.85,1
77.13,1
6.85,2
6.87,9
6.88,5
46.83,30
46.82,2
106.26,1
106.25,22
106.22,1
194.75,7
194.74,1
148.33,1
152.06,1
104.67,1
104.69,1
219.5,7
29.17,1
29.11,1
60.41,3
60.46,1
60.49,1
378.9,3
211.5,10
160.91,2
102.22,9
102.26,2
102.25,308
102.24,1
92.45,1
32.96,1
92.49,1
75.15,1
75.17,1
97.83,1
75.12,2
97.88,1
80.87,1
-31.5,1
8.19,10
8.11,2
8.13,2
8.12,2
342.5,1
79.95,3
103.25,42
63.66,2
63.67,1
63.62,1
63.63,1
233.3,2
233.5,2
255.55,7
81.11,4
444.22,15
533,1
-460,1
62.45,1
84.75,6
62.42,1
36.86,2
123.31,1
123.33,7
98.07,1
10.32,1
223.5,3
223.2,1
129.5,126
144.17,1
129.9,1
129.8,1
79.23,2
56.83,5
56.84,1
56.89,2
139.93,1
139.99,1
21.5,847542
21.4,7
21.7,20
21.6,10
21.1,12
21.3,8
21.2,4
21.9,2
21.8,7
7.77,15
48.88,14
48.85,1
48.83,18
158.25,2
45.58,1
45.53,1
45.51,1
73.11,2
45.55,70
7.75,10
3.54,1
3.55,2
3.57,2
3.51,1
3.52,11
197.66,1
3.58,2
3.59,1
49.25,32
115.66,3
115.63,1
49.28,1
30.22,1
30.25,2
117.25,3
70.99,1
69.99,10
195.55,3
450.75,1
155.5,42
35.8,25
35.9,5
35.2,1
35.3,15
35.6,2
35.4,2
35.5,208160
296.1,1
296.5,1
50.83,18
-62.5,1
244.97,1
125.78,2
51.25,10
73.75,18
244.98,1
112.75,15
112.78,1
310.3,8
23.45,3
23.48,1
246.5,4
188.8,2
188.5,5
-100,10
20.08,1
20.01,5
20.03,1
20.02,1
20.05,4
20.04,2
20.07,1
59.1,3
59.2,1
59.3,6
59.5,13001
59.6,10
59.7,2
59.8,11
59.9,1
200.11,1
347.32,1
52.88,1
270.5,2
438,1
436,2
52.85,3
434,2
435,2
432,1
430,4
52.83,11
9.15,1
9.13,1
9.11,2
16.99,2
238.88,1
16.91,1
325.5,1
119.19,1
110.83,2
15.33,3
110.89,2
235.55,1
55.75,22
55.77,1
142.33,1
88.08,4
88.05,1
175.25,3
248.1,1
248.5,1
10.91,3
10.92,1
10.95,3
10.99,1
170.65,1
77.33,2
5.2,34
0.78,2
12.99,2
34.29,1
34.24,1
34.25,1
34.22,1
12.92,3
106.44,1
152.66,1
18.86,1
130.83,1
104.42,1
104.44,9
29.38,1
213.41,1
29.33,44
29.37,1
86.58,3
60.66,22
60.65,2
86.55,3
74.75,65
74.74,1
92.22,8
92.21,1
92.25,5
22.2,27
22.3,13
22.1,13
22.6,5
75.77,2
22.4,1
22.5,733920
97.65,1
22.8,10
22.9,16
39.6,1
8.72,3
32.44,1
8.75,19
8.74,3
61.44,2
32.45,1
103.43,1
103.44,1
63.44,1
63.45,3
63.47,1
121.11,3
63.42,1
84.55,1
107.5,292
84.58,1
108.2,1
108.3,1
108.1,1
108.6,1
108.5,216
108.8,2
156.6,1
156.5,16
156.8,1
56.66,5
56.62,7
228.28,1
139.77,1
141.25,6
81.9,1
37.99,1
81.6,1
81.5,1496
81.4,1
36.3,17
11.22,2
165.88,1
456.14,1
45.33,47
73.33,10
45.35,1
37.94,3
45.38,1
170.5,15
3.72,1
3.73,2
3.77,1
3.75,23
3.78,6
3.79,5
7001.2,1
106.8,1
106.4,1
49.05,1
115.05,3
106.1,1
117.05,1
416.5,1
117.08,1
30.01,7
30.02,1
30.04,1
30.05,2
157.87,1
135.25,2
197.45,1
195.75,1
31.35,1
31.32,2
31.33,43
31.31,1
31.39,1
322.22,1
3,715003
-90,3
-92,1
-95,2
125.15,1
125.16,1
251.11,1
112.58,3
112.57,1
112.55,2
100.95,1
-27.5,4
20.26,1
20.25,2
20.22,3
140.65,1
269.5,1
126.95,1
224.25,1
275.5,2
419.18,1
140.66,1
11.8,24
11.9,10
11.4,47
11.5,4558172
11.6,11
11.7,43
11.1,27
11.2,17
11.3,37
186.66,2
248.88,1
55.99,6
55.96,1
41.34,5
41.37,9
41.33,60
142.52,1
32.6,1
381.07,1
138.88,4
111.06,3
111.01,3
123.8,1
123.6,1
123.5,269
138.83,3
123.3,1
111.08,1
307.51,2
22.91,1
36.03,4
77.55,1
22.94,1
34.04,2
34.05,1
0.51,1
0.52,2
0.55,2
34.09,1
0.56,1
133.1,1
133.3,4
133.5,64
133.8,1
106.66,6
152.43,1
76.55,3
29.55,1
29.57,2
29.58,2
213.63,1
399.84,1
74.55,1
92.05,1
148.75,2
75.55,33
97.45,2
33.4,3
33.5,271827
33.6,2
33.7,4
8.55,13
33.1,5
33.3,17
8.59,1
8.58,1
33.8,29
256.96,1
61.65,1
61.66,2
72.5,6184
86.75,6
72.7,2
72.6,1
72.1,1
72.3,4
72.2,1
257.18,1
72.9,1
72.8,5
245.5,2
121.33,2
63.28,1
63.25,44
84.33,2
51.55,1
84.35,4
13.66,1
243.75,1
169.86,4
600,3
109.98,1
164.58,1
164.55,1
45.05,2
465,4
103.66,1
199.33,1
464,1
103.68,1
78.88,11
78.85,2
78.83,1
-0.5,12
122.75,4
56.41,1
139.58,1
111.5,217
66.75,12
123.75,6
111.1,40
111.2,1
111.3,2
111.8,1
111.9,1
109.83,1
109.88,1
45.16,2
45.15,1
45.11,7
-5,164
-4,219
-7,29
-6,72
-1,1
-3,512
-2,2
141.08,1
-8,17
3.18,1
3.11,1
3.12,1
3.13,1
3.17,1
115.25,19
5.62,6
44.25,11
44.24,1
94.9,2
94.8,7
94.5,475
37.4,3
94.7,2
94.6,1
44.29,2
44.28,1
94.3,1
94.2,1
5.65,5
191.5,10
64.83,14
64.85,1
11.85,17
11.87,4
11.83,4
11.82,1
11.88,5
69.56,1
197.25,3
135.06,1
135.05,1
135.01,3
13.83,5
13.87,4
13.85,4
13.88,4
349.5,1
184.7,1
184.5,10
0,3637
31.11,2
125.33,3
125.38,1
112.33,1
112.34,1
112.37,1
23.87,1
23.83,9
23.89,1
119.11,1
234.09,6
-32.5,1
18.88,15
18.83,6
375.01,1
18.87,2
18.85,3
264.75,1
100.76,1
100.75,6
355.5,2
1005.2,1
-87.25,1
56.55,1
99.11,1
42.07,1
224.04,1
202.5,20
25.82,1
25.83,6
25.87,1
25.88,3
201.58,1
252.6,1
182.92,1
142.75,2
41.19,3
41.11,6
27.83,19
27.85,2
41.14,1
236.5,5
36.25,6
111.28,1
111.25,3
111.22,1
7,8480575
400.87,1
77.78,2
77.79,1
77.75,64
77.76,1
77.77,36
89.65,1
34.66,3
34.67,2
136.2,1
136.5,78
136.4,1
136.6,1
136.8,2
88.45,4
9.65,1
76.75,22
40.03,1
29.75,33
29.74,1
145.75,2
74.33,3
97.25,15
83.01,1
148.59,1
285.5,2
87.99,1
179.99,1
356,4
61.02,2
355,9
86.11,3
86.15,1
291.5,1
352,2
63.01,1
121.55,3
63.05,1
85.99,3
350,110
1.23,1
85.9,1
85.8,1
85.5,1124
85.4,1
85.3,2
85.2,1
299.5,3
84.15,1
1.25,1
162.33,1
2.02,1
277.5,1
279.47,1
120.55,1
120.51,1
164.75,2
120.58,1
-75.5,1
103.85,2
56.23,1
56.25,13
122.58,4
110.33,1
139.36,138
101.83,2
123.58,2
144.4,1
144.5,43
66.55,5
123.51,2
83.95,2
66.51,1
123.55,3
1002.25,1
309.5,1
158.88,3
59.55,1
59.58,2
59.59,3
223.25,4
49.46,4
49.47,4
215.01,1
17.64,5
17.61,1
44.06,1
17.63,2
55.22,1
147.25,15
27.11,12
69.75,26
195.33,2
3.34,1
3.32,1
3.33,7
197.07,46
197.06,1
135.66,1
251.5,1
65.05,1
65.01,6
31.75,43
299.99,3
70.7,8
70.6,1
70.5,7634
70.4,1
70.3,4
70.2,3
70.1,1
70.8,2
112.13,1
15.1,44
112.11,3
15.3,23
15.4,8
15.5,2224829
15.6,30
15.7,36
15.8,12
15.9,9
128.88,6
495.86,1
128.83,3
229.75,3
119.32,1
119.33,9
100.58,1
291.8,1
100.57,1
99.36,1
99.32,1
99.33,1
73.55,3
24.02,2
200.75,3
52.28,3
52.26,3
38.94,1
52.22,13
52.23,2
52.21,1
224.66,1
113.7,1
113.4,1
113.5,207
113.3,3
113.1,1
113.8,1
43.38,1
201.75,1
43.33,53
43.35,1
85.98,1
41.72,1
41.75,199
119.03,1
41.79,4
41.78,4
142.91,1
172.03,5
29.8,14
70,20880
14.15,2
14.14,1
82.6,1
14.16,1
14.11,3
82.1,1
14.13,1
82.3,5
306.98,6
82.8,2
14.18,2
36.44,1
36.45,1
111.41,1
36.49,3
111.45,1
111.44,1
15.92,2
15.91,1
15.94,1
15.99,1
468.5,1
34.44,6
34.45,1
130.28,1
130.25,2
213.23,1
76.11,1
95.01,11
95.05,1
74.16,1
74.12,1
33.35,5
97.09,1
97.07,1
97.05,1
153.25,2
156.75,19
156.77,1
61.25,17
175.1,1
175.5,10
69.38,9
169.5,16
169.6,1
169.8,1
86.33,6
86.35,1
121.73,1
121.75,21
-4.5,197
8.95,5
8.97,1
8.91,1
71.44,1
2.22,1
8.99,5
8.98,6
140.3,1
199.75,3
120.75,1
120.78,1
140.8,2
219.05,1
54.33,5
122.33,1
56.03,2
56.06,1
168.25,2
252.55,1
279.65,3
642,1
66.33,7
4.75,12
350.29,1
4.73,4
4.72,2
350.23,1
57.35,1
57.33,320
236.27,1
57.38,2
25.1,4
73.99,2
25.3,13
-18.5,6
70.54,1
43.9,3
59.79,2
43.5,70183
59.75,28
59.76,1
43.1,1
43.3,7
43.2,3
25.7,7
136.66,1
61.1,3
25.9,5
61.3,3
61.5,10870
61.4,1
61.7,1
61.6,2
61.9,1
61.8,2
134.6,1
134.5,71
134.4,1
26.94,1
134.9,1
147.46,1
72.15,1
17.42,8
17.41,1
72.16,1
72.11,1
44.65,2
44.64,4
44.67,3
44.66,1
69.11,2
263.22,1
62.38,1
31.55,2
31.57,610
31.58,1
31.59,1
65.25,60
218.5,6
139.33,1
314.66,1
210.5,1
155.01,1
155.08,2
704,1
18.47,10
18.45,2
18.42,1
100.32,1
100.33,3
50.08,5
455.1,2
50.07,1
50.04,1
50.05,5
50.02,3
-24.5,2
50.01,29
99.55,2
99.58,1
43.09,1
52.05,3
52.06,1
52.07,1
52.01,59
52.02,2
232.5,3
52.08,5
83.93,1
119.55,2
55.34,1
43.51,1
43.53,2
43.55,12
98.52,1
98.58,5
20.83,8
20.82,2
99.8,1
99.9,3
297,23
20.88,1
-187,1
459.45,1
173.89,1
41.52,1
470.75,1
449.5,1
172.22,1
14.33,1
14.32,1
14.37,3
111.66,1
2.2,13
14.38,2
36.63,1
36.65,1
36.66,8
36.67,1
258.04,1
89.28,1
89.26,1
132.03,1
89.24,2
89.25,20
267.25,1
267.22,2
417.86,1
6.44,1
342.42,1
130.01,1
130.04,1
94.87,1
76.33,2
447.49,1
95.25,21
95.24,1
96.85,2
96.83,2
120,5292
121,270
153.01,1
123,569
124,412
125,1888
126,573
127,372
128,428
129,194
34.9,2
34.8,29
34.7,5
34.6,4
34.5,240827
34.4,1
34.3,13
34.2,3
34.1,1
55.94,1
2.42,1
162.75,2
2.49,2
13.75,15
71.28,1
333.64,1
90.83,2
71.25,65
71.24,1
71.27,1
164.33,1
199.99,16
311.5,1
331.5,2
84.44,1
122.11,2
58.5,13646
58.4,1
58.7,4
58.6,2
58.1,1
83.58,2
58.3,20
58.2,5
83.55,3
83.54,1
58.9,2
58.8,15
165.15,1
350.01,2
191.75,3
39.89,1
39.88,1
4.59,26
4.55,5
4.51,2
4.52,1
22.75,5
57.12,1
78.25,39
78.23,1
24.93,2
109.25,35
185.66,1
185.67,1
59.11,1
59.16,1
255.6,1
255.5,2
64.2,1
64.3,2
64.5,11791
64.7,4
64.8,8
64.9,2
49.85,1
115.83,2
49.83,11
49.88,1
43,75375
235.5,6
44.45,5
44.44,35
44.43,2
44.42,1
147.63,1
72.33,3
32.89,1
249.8,1
72.35,1
32.83,67
17.25,4
32.85,1
263,13
262,7
261,7
260,120
267,8
266,8
69.39,20
264,10
69.35,1
268,21
69.33,8
88.8,10
88.9,1
88.6,1
88.7,1
88.4,1
14.2,18
88.2,3
88.3,5
88.1,1
105.05,1
124.44,7
65.45,2
117.83,1
28.88,13
244.35,1
68.15,1
44.02,1
125.99,1
28.83,23
28.85,1
128.47,3
17.62,4
23.7,9
23.6,7
23.5,647857
23.4,23
23.3,10
13.28,1
23.1,5
13.25,20
13.24,2
13.27,2
13.23,2
13.22,1
18.62,1
207.73,1
18.68,1
207.77,1
207.75,4
5.25,47
5.23,2
5.22,1
124.16,1
50.25,60
124.11,1
20.49,1
100.16,1
50.28,1
100.11,5
105.75,2
99.78,1
99.79,1
99.75,107
247.75,1
52.67,1
369.25,1
86.8,2
86.9,2
86.1,2
86.4,1
86.5,826
86.6,1
86.7,2
246.75,1
119.75,3
119.76,6
147.5,56
147.6,1
21.05,1
21.02,1
21.08,1
98.77,1
98.75,18
98.74,1
43.75,9
185.99,1
475,12
424.11,1
157.5,16
157.3,1
14.59,1
14.58,1
111.88,1
14.51,1
14.55,5
111.83,1
260.5,5
89.01,1
89.02,1
89.09,1
132.29,1
132.21,1
132.22,2
171.5,13
132.25,5
145.83,1
145.88,1
145.89,1
9.58,3
9.59,1
29.62,1
9.53,1
7000.5,1
-12.5,5
19.05,1
19.04,1
40.16,1
16.58,3
300.51,1
680.1,1
108,695
109,466
102,1492
103,848
100,10549
101,575
106,578
107,783
104,1127
105,1595
130.65,1
3.39,3
156.33,1
7.63,1
347,1
160.55,2
7.65,4
225.75,1
468.16,1
101.33,4
343,1
-26.5,1
262.5,1
71.02,1
71.01,1
2.69,2
2.67,2
2.65,1
2.63,1
120.33,1
85.35,3
85.33,32
228.88,2
228.85,1
168.68,1
83.79,1
83.78,1
83.73,1
83.72,2
83.76,2
83.75,127
274.5,2
165.33,1
4.33,3
4.32,2
4.31,1
4.37,2
4.35,4
10.1,55
10.3,64
10.2,51
10.5,5447801
10.4,18
10.7,15
10.6,29
10.9,73
10.8,44
47.93,1
47.92,1
78.08,1
57.77,20
22.52,3
57.75,8
140.25,16
59.33,10
109.01,1
136.25,1
136.21,2
127.25,2
17.06,1
79.8,6
79.9,6
17.02,1
17.01,3
79.6,4
79.5,2136
122.2,4
122.3,1
122.1,1
122.5,118
122.8,2
72.52,2
72.55,3
167.75,2
699.96,1
41.95,1
11.05,7
11.01,11
245,65
244,24
247,67
246,8
241,9
240,154
243,17
242,21
249,17
248,15
3.91,1
3.92,1
3.94,1
3.95,3
214.49,4
214.48,1
3.99,3
284.75,1
55.31,1
146.66,5
291,5
107.55,3
31.99,1
65.62,2
65.65,4
65.66,1
363.65,1
112.12,1
68.36,1
15.2,13
68.33,9
112.14,2
13.08,2
13.03,1
13.01,2
13.07,70
13.05,2
149.85,1
18.07,1
149.83,1
176.5,11
176.4,1
5.08,2
5.05,14
5.04,1
5.06,1
5.01,3
5.03,1
5.02,1
477.83,1
105.55,25
105.54,1
105.51,1
245.51,1
105.58,1
113.33,9
113.31,1
42.85,2
247.55,1
52.42,1
42.86,1
52.44,1
52.45,1
-3.5,268
411.56,1
21.25,6
21.21,1
52.8,5
85.85,4
66.3,5
14.75,7
66.6,5
66.5,10944
66.8,6
66.9,1
249.84,1
159.25,12
-41.5,1
165.75,7
380,15
381,1
382,3
383,2
384,2
385,8
386,1
388,1
-1430,1
19.25,10
19.24,2
168,136
169,61
164,100
165,606
166,62
167,86
160,1191
161,92
162,119
163,83
130.48,1
61.82,1
61.83,5
87.18,1
87.17,1
87.16,1
87.11,2
114.92,1
160.75,1
225.55,4
225.57,1
408.04,1
-23.5,4
116.95,1
90.45,1
800,2
-260,1
-33.5,1
202.33,1
150.18,1
254.75,1
63.88,4
85.11,1
63.83,11
85.15,1
1554,1
231.5,4
203.6,13
203.5,13
4.11,2
165.58,1
52.25,422
4.15,2
76.83,2
4.19,1
165.55,4
57.53,2
57.55,1
57.57,2
78.61,1
78.66,3
78.65,1
22.33,6
187.77,1
46.8,6
187.75,5
292.75,1
185.25,29
273.25,1
72.76,1
72.75,20
44.88,2
72.72,1
39.8,13
39.9,2
44.83,41
39.7,1
39.4,3
39.5,117792
39.2,1
39.3,16
39.1,1
109.66,1
190.99,1
11.28,1
11.23,1
37.93,1
11.21,1
37.91,1
11.25,16
229,30
228,78
227,19
226,15
225,144
224,13
223,13
222,57
221,50
220,267
137.5,62
80.35,1
80.33,3
137.2,1
26.37,2
26.34,1
251.14,1
26.33,7
146.07,1
65.88,5
65.83,13
181.21,1
143.3,1
68.59,1
143.5,101
143.6,1
244.75,6
68.55,3
155.61,1
35.93,5
13.65,4
35.97,1
35.99,5
155.69,1
107.77,6
107.75,2
86.99,2
107.79,2
18.28,1
149.65,1
18.25,11
18.27,1
37.8,19
37.9,3
5.68,11
474.17,1
5.63,3
37.1,2
37.2,3
37.3,11
5.67,1
37.5,154982
37.6,2
37.7,4
50.68,1
105.33,8
245.75,1
50.62,1
50.66,5
113.11,1
113.13,1
28.49,1
28.48,1
298.5,1
276.5,1
98.34,1
98.33,3
104.7,1
21.42,4
312.5,1
244.5,6
244.4,1
178.25,8
300.5,2
275.65,1
57.6,3
57.7,3
57.4,1
57.5,14233
57.2,9
57.3,425
57.1,2
57.8,37
57.9,4
14.99,1
308.5,1
14.95,3
14.91,1
14.92,1
117.3,1
206.26,1
353.5,1
171.25,1
6.53,12
300.13,1
133.43,1
19.48,1
116.08,1
19.41,1
19.43,1
19.45,2
19.47,1
146,165
147,197
144,130
145,591
142,302
143,230
140,1833
141,138
148,173
149,128
131.42,1
51.72,1
125.41,1
87.33,2
87.35,4
396.32,1
325.55,1
250.5,6
48.75,12
225.38,1
74.99,1
74.95,1
96.25,11
74.91,1
90.65,1
90.66,1
14.5,2650655
14.4,23
14.7,5
14.6,11
14.1,29
14.3,14
82.5,1409
14.9,22
14.8,7
91.82,1
218.25,2
150.33,1
85.75,12
54.82,1
54.83,6
82.9,1
174.25,4
174.21,1
83.35,2
83.33,4
83.31,1
118.88,18
47.58,1
118.81,1
47.53,2
5.44,15
78.44,1
78.45,1
229.68,1
67.33,11
42.88,3
185.01,1
42.83,51
253.33,1
185.09,1
289.06,1
41.99,1
11,4974099
10,5943625
13,3475393
12,4168289
15,2428619
14,2898715
17,1740040
16,2045982
19,1259927
18,1476856
999.99,1
93.25,50
93.27,1
165.77,1
93.23,2
39.25,8
32.65,1
32.66,18
32.62,1
72.99,2
108.63,1
72.97,1
72.96,1
72.93,1
84.93,7
109.42,1
201,21
200,1482
203,44
202,137
205,58
204,46
207,44
206,43
209,219
208,40
469.9,1
146.23,2
40.86,1
40.83,68
40.82,1
146.25,2
26.13,4
172.5,16
40.89,2
40.88,1
251.75,2
80.11,4
80.12,1
316.29,1
58.99,5
11.41,2
11.42,4
11.45,4
11.44,1
11.47,1
11.49,1
11.48,2
6.56,1
6.55,9
12.65,3
12.62,7
6.52,2
6.51,2
6.59,2
6.58,7
128.25,30
106.99,1
12.3,19
12.2,15
13.46,1
13.45,3
35.75,6
13.42,1
13.41,2
155.82,1
107.18,3
12.6,43
5.42,2
5.45,6
6.1,117
5.49,2
5.48,1
124.75,3
83.51,1
124.79,1
105.11,1
168.5,21
68.75,16
68.76,2
28.65,2
113.75,4
247.16,1
129.25,2
207.96,3
21.65,2
411.11,1
60.97,2
60.94,1
16.6,19
178.08,1
60.99,1
33.05,3
33.07,1
33.03,1
403,2
102.95,1
401,1
173.05,1
62.98,1
242.42,1
69.67,1
166.65,1
126.66,6
166.62,1
109.08,1
17.2,2
17.3,16
17.1,4
17.6,3
17.7,19
17.4,21
17.5,1603468
17.8,6
17.9,8
145.25,2
143.83,1
135.5,113
94.08,1
135.9,1
19.67,1
19.65,1
19.68,1
4,4181997
121.5,119
121.4,2
302.06,3
209.99,7
-35.5,1
131.25,4
212.22,2
75.86,1
96.05,1
96.06,1
96.01,1
378,1
48.55,3
96.08,2
228.65,22
101.05,1
90.01,7
90.04,1
370,16
458,1
846,1
285.01,1
134.75,10
134.77,1
87.52,1
87.55,1
120.99,1
150.55,2
85.58,1
85.56,1
85.55,29
-642.92,1
12.1,76
158995.81,1
91.08,1
102.93,1
66.92,1
12.7,29
-220,1
218.08,1
57.97,1
57.93,1
47.77,3
47.75,11
-60,7
-62,2
-63,2
-65,6
98.1,1
98.3,6
98.5,400
98.4,3
98.7,1
98.6,1
98.9,1
98.8,3
82.35,1
82.33,2
489,1
487,2
485,3
484,1
480,6
39.08,1
42.66,1
39.01,1
32.01,3
32.06,5
2.68,1
32.04,2
32.05,1
32.08,1
16.33,142
58.11,1
372.21,2
51.2,3
57.87,6
187.33,1
24.37,1
140.46,8
24.32,1
24.33,9
68.8,4
59.99,10
24.38,1
24.39,7
41.89,3
27.75,2
27.77,5
40.68,1
26.75,10
40.65,1
40.66,2
40.62,1
183.26,1
80.75,89
211.31,1
10.47,1
10.45,2
10.42,2
10.43,3
51.6,1
10.49,1
110.55,2
110.58,1
37.58,1
37.59,1
37.55,2
11.63,2
37.53,1
6.79,1
6.78,2
228.5,4
12.44,2
12.45,1
12.41,1
6.72,2
35.55,29
900,4
166.66,11
82.85,1
107.38,1
107.33,1
124.99,1
113.55,2
28.03,1
28.05,1
77.83,5
28.08,1
113.58,4
77.88,1
0.86,2
68.99,2
0.88,1
68.95,1
75.83,4
24.25,1
75.88,1
330.99,1
149.25,3
21.88,4
200.5,9
347.5,2
21.85,1
200.1,2
21.83,8
196.28,1
200.2,2
271.11,2
5.66,1
33.25,215
33.24,1
33.28,2
275.25,1
242.22,1
242.25,2
24,611428
25,552314
26,499226
27,459261
20,1099934
21,914765
22,786784
23,686827
28,426099
29,403449
82162.3,1
173.25,4
7.07,3
7.05,5
7.02,3
7.01,3
7.09,1
7.08,7
145.01,1
254.5,4
145.06,1
165.83,1
65.5,11473
65.4,2
65.6,2
65.1,1
65.3,8
65.2,35
65.8,7
138.5,46
127.75,1
138.3,1
138.1,1
177.25,2
19.89,1
19.88,1
19.87,1
19.83,4
1.71,1
89.84,1
89.85,1
8.92,3
89.3,2
89.2,1
89.7,3
89.6,2
89.5,714
89.4,4
89.9,1
0.02,14
94.26,1
96.66,3
96.65,2
48.33,22
48.36,1
182,56
183,58
180,696
181,38
186,77
187,159
184,234
185,317
188,59
189,40
157.33,1
116.35,1
116.37,1
116.33,2
71.83,8
90.25,102
868,1
87.78,1
87.77,4
87.76,1
87.75,14
202.52,1
54.44,22
54.45,1
150.75,6
158.5,27
158.8,2
70.24,1
70.25,47
51.99,1
91.26,1
91.25,15
51.92,3
-9.5,10
87.8,3
87.5,852
87.4,3
87.6,1
87.1,12
87.3,1
87.2,3
151.75,3
-67.5,1
146.5,28
189.55,1
47.16,2
47.19,2
47.18,1
463.31,1
213.5,5
-48,2
374.54,2
-40,4
-44,2
-45,5
8,7869469
67.75,10
67.77,5
82.58,1
82.51,1
82.56,1
82.55,4
94.01,2
39.65,3
53.95,1
39.67,1
53.99,1
93.63,1
93.65,1
93.67,1
17.89,8
32.22,4
17.83,11
32.25,6
58.33,37
58.32,1
25.51,1
58.35,1
25.52,3
58.38,1
108.25,9
261.3,1
137.01,1
261.5,1
137.08,1
24.54,1
24.55,3
42.44,1
24.58,1
42.46,21
42.41,1
27.52,1
27.51,1
27.55,3
26.65,2
143.25,1
16.25,12
80.55,4
80.56,1
80.57,11
26.55,3
40.44,10
30.9,3
56.01,2
10.65,1
10.66,2
10.62,4
10.63,1
37.75,3
37.77,3
-13.5,3
6.18,1
12.22,27
6.12,2
6.11,1
6.17,2
12.27,1
6.15,12
12.25,11
35.32,1
35.33,86
35.37,1
35.35,2
211.11,11
29.83,37
29.88,1
253.5,2
28.28,1
28.25,3
28.24,1
46.16,1
418.81,1
188.88,10
217.7,1
5.85,10
476.66,1
5.83,11
5.88,4
102.58,2
102.55,1
33.49,1
33.41,1
33.43,1
972.89,1
33.45,1
33.44,5
166.25,3
54.8,9
54.1,1
54.3,3
54.2,3
54.5,19006
54.7,7
54.6,5
81.83,3
308,3
309,3
300,385
301,1
302,1
303,2
304,3
305,3
7.23,1
307,1
57.73,1
12.53,1
12.52,1
133.25,2
78.8,1
78.7,2
78.5,2340
78.4,3
78.3,3
78.2,1
12.54,1
51.01,1
94.41,1
94.44,4
94.45,1
114.14,2
114.11,5
96.49,1
96.42,1
192.22,1
167.5,11
91.99,1
24.96,1
14.05,4
134.33,1
134.32,1
134.34,1
43.8,16
54.65,1
54.66,3
54.67,1
54.63,1
299.42,1
30.95,1
64.55,1
174.41,1
64.59,1
116.16,2
116.11,2
70.05,1
70.06,1
24.99,8
70.01,14
70.03,1
91.49,1
91.46,2
-75.49,1
-2.5,1344
93.95,1
93.97,1
151.11,1
36.75,47
206.66,1
47.38,2
53.08,1
47.33,35
47.32,1
53.05,2
67.57,1
67.53,1
67.51,1
65.75,12
-25,4
-26,2
-27,1
-20,44
-21,6
-22,3
-23,6
38.66,2
38.62,1
442,1
441,1
440,4
445,2
444,1
127.83,1
39,126627
38,144924
23.33,21
53.79,1
33,289455
32,319810
31,347571
30,381442
39.43,1
36,193555
35,228212
34,256094
4.99,2
4.91,1
4.92,2
4.95,1
4.97,2
232.22,1
67.7,3
67.6,2
108.01,1
67.4,3
67.3,14
67.2,1
67.1,1
90.05,5
67.8,5
25.73,1
58.58,3
25.75,5
58.53,1
58.55,3
26.99,1
140.85,1
137.25,2
270.49,1
126.25,5
82.72,1
82.75,6
126.23,1
82.78,1
24.72,1
24.75,4
42.64,1
27.38,1
27.33,10
593.84,1
9.83,2
9.82,1
40.25,5
9.87,1
40.28,2
16.08,3
16.05,3
16.06,2
36.95,2
36.94,1
36.93,1
36.99,1
15.45,2
15.44,4
15.46,2
15.42,1
10.02,2
10.01,20
10.06,2
10.05,9
37.16,1
37.15,2
110.11,6
55.05,12
55.06,1
55.01,13
204.5,9
204.4,1
204.7,4
204.8,1
88.99,2
35.11,4
35.15,1
35.16,1
175.91,1
138.33,3
137.98,1
6.31,1
12.01,1
6.33,5
6.32,2
6.35,4
12.05,6
6.37,3
46.35,1
46.36,1
46.33,33
69.9,1
69.8,7
126.55,1
69.1,1
69.3,5
-22.5,4
69.5,8370
69.4,2
69.6,2
194.25,2
148.88,1
148.83,1
265.55,1
104.33,3
33.67,1
33.66,1
33.65,1
102.75,34
92.96,1
92.95,1
129.83,2
412,1
580,1
62.33,9
1430,1
230.5,6
382.5,2
163.49,1
198.25,1
250.42,2
81.66,13
81.64,1
145.44,1
7.42,1
7.45,5
169.75,3
38.3,16
38.2,1
38.1,4
38.7,2
38.6,2
38.5,135397
38.4,2
38.9,2
38.8,20
144.67,1
322,5
323,2
320,32
321,3
327,4
324,3
325,35
79.98,1
79.99,10
328,3
600.01,2
1.35,1
79.56,1
222.11,2
94.65,3
94.66,1
94.67,4
114.35,1
114.32,1
241.71,1
73.49,1
142.4,1
142.5,114
142.6,1
157.77,1
157.75,1
101.16,1
107.99,1
7.84,1
629.21,1
176.66,1
101.11,7
181.9,1
181.5,10
117.77,19
117.75,3
117.72,1
36.8,25
36.5,179786
36.7,3
36.6,1
36.1,4
117.78,1
36.2,3
33.16,1
64.78,2
102.88,1
30.75,2
64.75,62
30.73,1
116.75,2
70.66,1
230.08,1
259.5,2
31.8,21
22.99,2
56.9,1
56.8,28
56.3,1
56.2,1
56.7,2
56.6,3
56.5,15338
56.4,1
15.13,2
392,2
15.11,4
91.66,1
15.14,1
51.58,1
15.15,3
468,1
38.44,1
38.45,1
460,9
53.55,5
53.51,1
53.53,3
370.5,1
118.06,1
189.92,1
189.99,2
58.77,1
58.75,44
58.79,9
186.19,3
184.25,1
25.11,1
25.15,2
25.14,219
42.01,1
99.83,2
42.06,1
126.08,1
126.06,1
182.68,1
80.97,1
40.09,2
40.08,2
40.05,1
40.04,3
9.63,1
80.99,1
40.01,10
55.51,4
16.63,1
257.5,2
16.65,2
55.54,2
60.3,9
10.22,2
10.24,3
10.25,22
15.63,1
15.62,2
15.67,1
15.65,2
15.68,2
37.33,74
37.35,1
37.37,1
55.23,1
288,5
55.26,1
55.25,181
281,6
280,109
283,11
282,13
285,37
284,7
287,8
286,2
67.15,1
175.77,1
175.75,5
358.21,120
0.25,4
46.53,1
75.25,37
75.27,1
194.44,1
104.19,1
104.11,1
104.15,1
86.88,2
501.91,1
102.11,1
178.88,2
60.18,2
86.82,1
86.84,1
60.11,11
33.88,3
33.85,2
33.86,1
33.83,77
92.75,65
311.16,1
92.76,1
562,1
565,1
8.25,35
8.22,1
8.23,1
8.28,1
163.25,3
149.5,43
179.25,1
205.33,1
179.21,1
196.41,1
141.5,41
288.5,1
141.8,1
425.71,2
48,34714
49,30063
46,46757
47,39767
44,65959
45,85058
42,86464
81.49,1
40,123940
41,96672
84.85,1
84.83,2
84.88,1
433.5,1
77.16,1
280.45,1
163.5,20
1.14,1
1.15,1
1.12,1
1.11,12
144.44,23
345,12
346,3
7.62,6
340,24
342,6
79.79,1
79.76,1
79.75,53
348,3
349,1
115.72,1
700.07,1
105.99,1
173.5,30
533.49,1
114.55,1
45.83,29
45.85,1
73.65,1
45.88,8
-10.5,4
115.56,1
115.54,1
115.55,41
115.51,1
369.42,1
115.58,3
147.99,1
322.75,1
54.25,14
117.55,3
117.57,1
70.45,1
70.46,1
30.55,6
52.09,1
116.51,19
116.55,2
140.45,1
59.95,3
79.78,1
64.33,9
154.75,2
53.8,8
53.9,2
53.2,1
53.3,4
53.1,2
53.6,3
53.7,2
53.4,1
53.5,20424
51.75,229
67.99,1
51.77,1
125.43,2
75.8,2
75.9,7
75.6,1
75.5,3912
51.78,1
75.3,7
75.1,2
240.5,3
91.88,1
91.85,1
91.83,3
230.28,2
38.28,1
38.26,1
38.25,24
119.85,6
53.33,25
53.37,1
119.83,2
53.35,11
93.88,1
93.83,1
23.73,1
23.75,13
23.74,1
93.85,2
118.25,13
25.36,1
25.35,4
43.85,2
25.33,16
43.83,48
58.96,1
20.56,1
137.62,1
20.55,11
42.28,1
42.25,7
42.22,4
16.7,7
406,1
16.5,1884940
16.4,7
16.3,32
16.2,17
16.1,14
400,101
16.9,27
16.8,27
9.45,6
9.44,1
9.41,3
9.43,3
9.42,3
9.48,7
238.75,1
16.45,1
116.8,2
116.7,1
116.6,6
116.5,232
116.1,1
235.25,2
15.09,3
15.01,7
15.03,1
15.05,4
15.04,1
120.1,2
120.2,5
41.88,1
120.5,166
120.6,1
120.8,3
41.85,1
41.86,1
55.44,3
55.47,1
41.83,68
98.55,1
106.33,1
180.01,1
175.58,1
138.75,9
175.55,5
358.05,1
77.05,2
217.76,2
217.75,2
198,40
0.08,5
46.75,120
46.76,1
46.77,1
46.78,2
0.03,4
0.01,980
0.06,3
0.07,1
0.04,14
0.05,26
192.75,1
20.85,2
160.99,1
330.11,1
188.25,3
75.01,4
451.83,1
75.05,4
99.5,390
118.8,3
104.76,1
104.75,6
118.1,1
118.5,150
18.9,18
18.8,4
216.75,1
18.1,30
18.3,4
18.2,10
18.5,1363584
18.7,16
18.6,17
60.35,2
60.33,11
60.38,1
102.34,1
102.35,3
96.5,381
102.33,1
92.58,3
161.08,1
92.56,1
92.55,2
92.54,6
2.97,1
2.93,6
2.99,3
2.98,1
8.02,2
8.03,1
8.01,3
8.07,1
8.05,18
8.08,2
278.72,1
278.73,6
48.2,2
48.3,2
48.6,2
48.5,30963
48.8,6
48.9,2
63.75,13
346.7,1
81.25,36
62.73,1
84.68,1
62.75,17
84.65,1
84.67,2
-43.5,2
123.28,1
123.25,7
169.33,1
586.84,2
2069.5,1
22.63,1
11.62,1
198.5,9
198.9,1
144.29,1
56.95,2
144.25,6
144.24,1
56.99,3
6.75,31
7.88,4
366,2
367,1
7.85,6
365,6
7.83,3
363,1
360,17
141.75,2
141.78,1
78.35,1
51.11,4
111.85,1
244.83,1
114.75,12
45.66,2
73.05,2
229.5,4
229.1,1
197.77,2
397.75,1
49.35,1
49.34,3
49.37,1
115.75,33
49.33,22
115.77,1
215.97,1
215.96,1
49.38,3
-0.01,1
30.33,38
30.32,1
117.33,1
117.35,1
227.56,1
261.75,1
209.3,1
-21.5,4
209.5,6
209.7,1
201.5,2
50.99,4
51.13,1
244.85,1
51.16,1
51.17,3
125.66,2
51.15,1
127.77,1
112.63,1
215.5,9
124.3,1
53.18,2
23.55,4
23.53,1
53.11,1
23.58,1
59,14159
58,24896
55,31632
54,20200
57,18246
56,17152
51,24485
50,59989
53,23289
52,3065416
550.01,1
-133,1
-130,1
227.5,2
20.74,4
20.75,1
200.09,3
200.06,1
200.05,3
200.02,3
200.01,1
429,2
52.92,1
52.91,2
52.95,1
38.07,1
420,8
52.99,2
425,10
426,1
9.22,1
9.25,21
77.87,1
55.53,4
172.95,1
479.4,2
15.25,9
15.24,16
15.23,1
139.2,1
139.6,1
139.5,97
55.66,7
55.65,1
55.62,1
55.68,1
182.22,1
125.2,1
125.5,102
125.4,1
182.25,5
142.02,1
6,8603390
88.33,2
372.85,1
175.33,1
17.51,2
0.62,1
95.99,5
0.65,5
44.75,30
77.25,14
95.95,1
6.92,2
6.91,1
34.38,1
6.99,1
46.93,1
34.33,51
46.91,1
106.55,2
194.89,1
148.25,10
330.35,1
104.55,2
104.53,1
29.09,1
29.05,2
216.16,1
29.01,1
60.53,1
60.56,1
60.55,9
60.58,1
150.65,1
160.88,1
92.33,2
38.01,1
38.02,1
75.66,1
97.99,17
242.5,2
162.82,1
8.61,1
8.62,2
8.63,2
412.65,5
412.64,4
8.66,2
61.55,1
61.54,2
61.56,1
61.58,1
97.9,2
179.65,3
55.4,2
55.5,17569
55.6,4
55.7,2
55.1,8
55.2,2
55.3,4
55.8,10
55.9,1
103.31,1
63.53,1
63.55,4
198.88,2
63.58,1
274.22,1
62.58,1
84.42,1
62.52,1
62.53,1
62.55,6
84.45,2
62.57,1
123.04,1
67.5,9933
341.9,1
79.33,4
56.75,32
56.76,1
56.71,6
101.75,10
141.54,1
79.22,1
79.25,15
48.99,9
456.25,1
48.94,1
45.44,2
45.45,6
73.25,39
45.41,1
45.49,1
99.95,4
1,138
3.45,31
3.44,2
197.54,1
49.13,1
49.11,8
49.17,1
49.16,1
115.11,7
122,423
115.15,1
117.17,2
117.11,4
498.66,1
498.65,1
30.18,1
30.17,1
30.12,1
30.11,1
263.58,1
135.37,1
135.33,2
69.83,3
26.8,13
26.9,6
26.6,6
26.7,1
26.4,6
26.5,477707
26.2,3
26.3,3
26.1,2
31.25,6
716.4,1
51.39,3
125.01,3
125.06,1
51.35,1
112.44,1
184.44,2
-115,2
550.25,1
-111,1
-113,1
20.12,2
20.11,206
20.15,3
200.22,1
200.23,1
200.25,1
9.09,1
16.85,3
16.87,3
16.81,1
16.83,1
9.01,1
9.03,1
9.02,2
16.88,2
28.8,14
28.9,8
28.1,6
28.2,5
28.3,11
28.4,1
28.5,413700
28.6,4
28.7,6
108.88,6
108.83,1
159.99,1
110.99,1
55.88,5
55.85,1
55.81,1
55.83,8
142.25,1
152.2,1
88.35,1
317.62,1
210.75,2
672.85,1
111.16,4
111.17,4
111.14,2
111.15,4
111.12,5
111.13,4
111.11,215
111.18,2
235.65,1
10.81,1
10.85,4
170.75,2
10.88,6
10.89,43
102.8,2
77.42,2
77.47,1
102.1,1
102.2,3
102.3,2
102.5,318
102.6,1
258.75,1
0.44,4
0.45,5
0.41,1
12.88,5
132.91,1
12.82,2
12.83,1
34.17,1
12.85,2
44.7,2
44.4,2
44.5,60295
88.11,2
88.13,1
106.75,8
88.18,1
106.71,3
44.8,12
44.9,1
152.75,2
166.6,2
166.5,13
29.25,3
29.28,1
399.99,2
86.66,2
60.77,1
74.66,1
74.67,2
209.25,2
153.75,14
92.11,3
97.78,1
97.77,4
97.75,20
148.08,21
8.47,1
8.45,5
8.42,6
8.41,2
8.48,2
354,2
61.75,168
205.91,1
103.58,2
5.33,166
60,46024
61,11315
62,13183
63,14137
64,12445
65,25021
66,11691
67,11392
68,12180
69,9266
121.22,1
63.35,1
121.25,6
84.25,58
84.24,2
18.75,7
500,103
279.14,1
163.18,1
199.01,1
78.95,1
101.55,1
79.11,1
101.58,2
56.57,1
79.16,1
66.65,3
66.64,1
66.67,97
66.66,51
123.66,1
66.63,1
123.65,1
139.66,1
127.2,1
127.5,105
223.16,1
141.33,1
127.8,2
50.33,29
236.74,1
193.25,1
193.23,1
45.26,1
45.27,1
45.25,12
205.5,7
3.69,1
3.65,19
3.64,1
3.63,1
115.35,1
134.99,1
115.33,4
134.96,1
49.78,1
49.75,119
49.76,1
221.11,1
227.11,2
450.01,11
450.04,1
775.73,1
17.85,1
94.25,7
31.01,1
31.07,1
31.06,1
31.09,1
247.5,1
477.76,1
-85,1
-80,4
125.25,26
125.21,1
61550.86,1
125.29,1
112.22,15
112.25,26
101.5,359
101.2,1
101.1,1
101.9,1
101.8,4
23.98,1
23.91,1
23.95,103
23.94,2
18.98,1
18.95,1
18.94,12
18.97,2
100.83,5
100.82,1
20.33,7
20.35,1
20.37,1
-170,1
-175,1
99.09,1
99.08,1
390.87,5
4.5,6113897
4.4,16
4.7,32
4.6,17
4.1,123
4.3,26
4.2,43
4.9,125
4.8,56
5,7502672
224.33,1
20.2,10
183.31,2
26.47,1
25.92,1
25.99,1
667.4,1
41.28,5
27.98,1
27.95,2
27.94,2
27.92,3
66.11,1
138.95,1
43.41,1
461.64,1
66.15,5
111.33,3
402.85,1
36.33,77
36.36,1
36.35,3
90.9,3
95.58,1
90.1,2
77.66,3
77.65,1
95.55,14
90.5,604
90.4,2
90.7,3
90.6,1
89.75,31
34.75,10
34.74,1
34.77,1
34.79,1
195.5,4
379.36,1
88.77,1
-38.5,2
88.75,11
29.47,1
29.44,2
76.48,1
213.75,4
39.83,65
338.5,1
180.5,14
180.8,2
74.49,1
74.44,2
74.42,1
97.55,14
153.55,1
153.58,1
333.38,1
333.32,1
333.33,2
86.76,5
61.11,10
61.13,1
86.01,15
63.17,1
63.16,1
63.15,6
63.14,1
63.11,4
206.6,1
206.5,6
345.5,1
206.8,1
5.1,28
365.5,1
5.3,99
5.4,37
5.5,8291677
5.6,16
5.7,124
5.8,105
5.9,20
359.3,4
618,1
-44.5,2
351.5,1
164.44,2
150.87,1
11.76,1
103.75,8
199.25,1
6.09,3
56.33,11
56.32,1
220.5,4
168.16,1
66.49,1
12.35,4
223.33,1
12.34,2
6.06,2
256.8,1
256.5,11
125.75,2
158.75,1
109.99,6
59.42,1
45.01,14
109.95,1
59.49,2
59.48,1
45.06,1
141.11,2
3.03,1
3.02,2
3.07,1
3.04,1
49.55,1
49.59,1
44.34,1
44.35,1
44.33,39
221.75,1
44.38,1
64.92,1
64.95,1
64.99,2
11.92,2
11.98,7
11.99,1
326.64,22
135.75,8
13.99,1
103.33,12
303.67,1
13.92,1
65.16,3
65.11,2
31.64,1
31.67,1
31.66,1
-0.65,1
23.44,2
399.8,1
63.59,1
93.6,3
93.7,2
93.5,596
93.3,2
93.8,1
93.9,1
77,3635
76,5795
75,12936
74,5274
73,7201
72,7810
71,7804
679.85,1
93.93,1
79,2938
78,3676
148.5,32
81.05,2
140.4,1
140.5,39
187.5,18
289.5,2
99.25,12
52.38,1
52.35,1
52.36,1
52.33,11
-150,2
184.85,1
201.43,2
201.42,1
43.05,2
305.5,1
43.01,1
41.05,1
2.9,273
2.8,188
2.3,9
162.7,1
2.1,16
162.5,27
2.7,61
2.6,86
2.5,677951
2.4,8
182.82,1
142.64,2
172.75,4
263.5,1
180.88,1
134.55,1
36.51,2
36.55,4
36.54,2
36.58,3
15.83,2
249.5,10
15.88,6
89.56,1
89.55,1
34.55,2
88.58,2
319.6,1
-11.5,3
88.53,1
88.55,4
382.75,1
488.06,1
76.66,3
95.75,15
19.4,7
19.5,1165198
19.6,36
19.7,15
19.1,3
19.2,19
19.3,23
19.8,18
19.9,21
74.28,1
331.13,1
74.25,47
97.33,8
240.62,2
153.33,1
97.39,1
153.36,9
9,6948390
156.66,2
8.88,17
376.51,1
8.83,1
8.87,3
8.85,12
87.87,1
61.35,1
61.33,6
87.83,1
87.88,1
86.25,20
104.95,2
85.88,1
265,28
544.44,1
52.7,1
52.6,4
52.5,22950
52.4,1
52.3,10
52.2,8
85.83,3
269,6
74.3,2
74.2,1
74.1,1
280.25,3
74.5,4573
74.4,2
74.8,3
241.5,2
71.75,132
162.25,3
2.16,1
241.8,1
2.12,1
71.78,3
162.22,3
335.19,1
219.32,1
103.95,1
103.93,1
88.5,741
3.6,26
3.7,137
3.4,40
3.5,2128221
3.2,27
3.3,327
3.1,28
56.15,1
122.43,1
3.8,40
3.9,36
168.33,1
139.25,3
139.29,1
83.82,1
83.83,10
66.25,9
83.85,3
191.25,2
4.65,3
4.66,2
350.55,1
51.95,1
4.68,2
57.25,13
57.24,1
57.27,1
117.1,1
117.6,1
117.5,197
117.8,2
57.28,1
73.83,7
73.85,1
73.84,1
158.97,1
368.31,1
59.67,1
24.83,13
24.89,3
24.88,1
282.5,1
391.25,1
136.58,1
26.83,9
26.87,4
26.88,1
17.77,9
17.74,3
17.75,3
221.58,1
44.19,3
44.15,2
44.16,1
44.17,1
17.78,1
167.25,1
69.66,1
110.81,1
105.2,1
105.1,1
69.68,7
105.6,1
105.5,243
135.55,14
135.58,4
195.25,1
3.25,180
3.24,4
3.27,2
3.29,1
33.39,1
-8.5,16
165.5,21
31.45,1
107.89,1
154.94,1
298.08,1
107.83,2
165.8,1
107.85,1
65.33,17
65.32,1
119.8,1
119.9,2
119.5,204
41.29,2
155.11,1
207.25,3
246.06,1
246.07,22
18.58,2
18.55,2
18.51,25
18.53,1
18.52,2
206.87,3
49.6,4
49.5,28062
49.4,1
49.3,6
50.18,3
105.83,4
50.14,1
50.16,1
50.11,8
49.9,2
49.8,9
99.45,2
38.88,10
38.89,3
52.11,4
38.83,78
38.84,1
52.15,1
119.25,3
119.28,2
442.96,1
43.25,14
43.22,1
-34.5,2
199.5,30
199.2,1
266.3,1
266.5,1
807.8,2
111.75,40
111.76,1
111.77,1
210.01,3
14.01,2
401.71,1
111.78,1
36.78,1
36.77,1
170.12,1
170.11,1
36.73,2
159.75,2
0.9,1
0.8,1
0.1,36
0.3,2
0.2,5
0.5,235
0.4,3
0.7,2
0.6,4
89.38,1
89.33,4
47.8,10
-14.5,6
83.24,1
47.3,9
47.5,36333
47.4,2
47.7,2
47.6,2
130.31,1
94.99,1
130.5,94
130.4,1
130.3,1
95.11,4
23.9,3
23.8,2
74.05,11
96.95,1
74.08,1
96.99,2
160.01,2
133,323
132,239
131,249
130,2307
137,189
136,294
135,1048
134,353
139,206
138,200
369.6,1
97.11,2
240.01,1
97.16,2
493.85,1
284.17,2
-20.5,13
268.25,1
224.5,4
88,2488
89,1546
82,2162
83,2242
80,14093
81,1916
86,1441
87,1891
84,1689
85,8131
2.34,2
2.37,1
162.08,2
90.99,7
71.59,1
214.5,3
71.55,3
90.95,1
71.53,1
198.77,1
120.66,1
2.54,1
120.62,1
144.88,1
7.31,1
169.25,2
122.21,1
122.22,48
122.25,50
122.26,2
66.06,1
66.01,1
139.01,3
7.38,2
165.05,1
191.45,1
165.01,1
164.4,1
454.64,1
4.42,1
4.43,1
4.41,3
4.44,4
4.45,7
4.49,2
386.51,1
22.65,1
25.55,39
57.07,1
57.05,1
22.62,3
12.98,1
22.68,1
78.39,2
233.75,1
12.95,1
78.33,3
78.32,1
1.5,278
1.6,119
1.7,56
1.1,4
1.2,8
1.8,28
1.9,25
59.01,2
59.06,1
25.59,1
136.75,1
124.4,1
124.5,187
124.6,1
124.1,1
127.72,1
124.8,5
115.95,1
115.99,1
49.99,12
668.5,2
49.91,1
49.95,5
44.78,1
44.79,1
17.58,2
17.59,1
72.01,1
17.54,1
17.55,10
32.94,1
17.52,1
17.53,3
160.5,26
193.44,3
69.03,1
97.8,8
69.01,1
97.3,4
97.1,1
97.6,1
97.7,3
97.4,14
97.5,551
214.75,1
192.2,1
192.5,38
995,1
999,2
42.47,48
298.66,1
65.53,1
65.55,63
65.54,1
117.98,1
68.05,2
68.01,2
125.84,1
70.83,2
289,5
183.5,13
-55.5,1
128.55,2
155.33,4
243.5,3
5.35,5
18.79,1
5.31,1
5.32,2
365.21,12
18.73,1
720.01,1
301.5,2
100.22,2
100.25,20
105.68,1
105.66,1
105.62,2
50.35,1
99.63,1
52.75,37
335.5,1
21.11,10
98.45,1
-190,1
43.44,1
43.45,1
20.92,1
20.96,1
20.95,1
346.23,5
20.99,3
68.4,1
68.5,9242
68.7,3
68.2,4
68.3,2
41.42,1
41.44,2
41.47,4
14.25,8
14.21,1
14.23,4
89.17,1
89.16,2
89.15,3
339.75,1
505.5,1
379.98,3
154.33,1
31.24,1
76.21,7
76.25,14
225.2,1
225.5,7
239.5,3
53.72,1
239.7,2
95.33,2
95.35,1
115,1611
114,1108
117,602
116,564
111,635
110,3498
113,533
112,724
119,341
118,631
75.73,1
130.15,1
23.2,4
22.7,5
75.74,1
75.75,14
156.25,5
27.3,8
27.1,11
27.7,6
27.6,5
27.5,439633
27.4,3
27.9,2
27.8,10
37.73,1
160.25,20
160.22,1
468.05,1
29.4,100
29.7,7
243.89,1
2.53,1
2.52,5
2.51,8
4.23,4
2.55,5
162.66,1
29.1,1
2.59,1
2.58,2
71.33,7
-299,1
164.25,2
120.09,1
120.08,1
120.01,5
120.05,1
120.07,1
120.06,1
254.25,1
286.5,2
122.02,1
122.08,1
168.75,15
168.77,1
83.45,2
8.76,1
6.13,6
165.21,1
39.98,1
39.99,8
191.63,1
39.95,1
39.96,1
39.91,2
4.29,2
29.9,5
12.24,1
29.5,389311
4.21,1
4.22,3
29.6,1
4.24,1
4.25,22
29.3,10
29.2,4
22.45,1
22.44,1
57.63,5
57.67,2
57.66,1
