59.26,2
59.25,5
59.24,1
185.75,1
161.4,1
45.9,2
45.8,11
45.3,1
45.2,4
45.7,1
45.6,20
45.5,31
45.4,3
44.51,1
44.53,2
44.54,2
44.55,8
44.56,3
44.59,1
17.38,254
17.39,18
72.29,1
17.32,21
17.33,75
72.26,1
17.31,112
17.36,28
17.37,90
17.34,10518
17.35,691
111.85,1
69.25,1
65.76,1
31.89,1
31.88,8
31.83,8
31.81,4
31.86,1
31.85,2
68.22,1
28.98,3
28.99,1
68.25,2
28.92,2
28.93,3
28.91,8
28.96,3
28.97,1
28.94,4
28.95,17
13.38,700
13.39,26
13.36,116
13.37,391
13.34,8
13.35,1857
13.32,43
13.33,650
13.31,462
18.11,36
18.13,27
18.12,265
18.15,366
18.14,15
18.17,34
18.16,22
18.19,54
18.18,99
5.12,65066
5.13,112
5.11,97
5.16,1967
5.17,6110
5.14,89
5.15,958
91,35
90,79
5.18,139
92,17
95,33
94,5
97,25
96,10
50.51,3
100.08,1
50.55,5
100.02,1
100.01,5
100.07,1
100.06,1
105.43,1
105.46,1
51.8,6
51.9,1
52.58,2
52.57,2
51.1,5
51.2,5
51.3,5
51.4,6
51.5,58
52.51,2
51.7,2
77.8,1
77.5,4
77.7,1
77.1,2
77.2,1
21.33,40
21.32,4
21.31,89
21.37,59
21.36,10
21.35,47
21.34,8
21.39,18
21.38,54
43.68,1
43.62,2
43.65,1
43.67,2
126.5,2
14.48,38
14.49,382
14.42,31
14.43,42
14.41,11
14.46,2927
14.47,111
14.44,33
14.45,60830
114.5,2
114.1,1
40.85,2
19.16,19
19.17,23
19.14,29
19.15,118
19.12,182
19.13,15
19.11,43
19.18,59
19.19,72
179,1
178,1
177,1
176,3
175,2
174,1
173,1
172,1
170,7
71.41,1
61.93,1
61.94,1
61.96,1
61.98,1
16.84,16
9.08,8348
58.33,2
2.79,158
2.78,514
71.13,1
71.17,1
2.71,45
2.73,95
2.72,270
2.75,343139
2.74,43
2.77,555
2.76,201
58.31,1
9.05,4804
16.89,86
100.8,3
100.2,2
100.1,24
100.4,1
150.08,1
150.05,1
63.97,1
85.22,1
83.67,1
83.68,2
4.06,1655
4.07,856
4.04,177
4.05,75486
4.02,92
4.03,54
4.01,143
4.08,3240
4.09,72
57.45,1
57.44,1
22.29,19
22.28,28
47.88,1
47.89,1
22.21,14
47.83,6
22.23,11
22.22,219
22.25,202
22.24,12
22.27,29
22.26,12
79.03,1
40.8,33
40.9,2
40.2,11
40.3,4
40.1,7
40.6,15
40.7,3
40.4,29
40.5,40
17.11,42
17.12,351
17.13,15
17.14,15
17.15,991
17.16,32
17.17,121
32.55,7
17.19,2383
32.56,13
32.51,2
32.53,2
32.52,3
62.8,1
72.42,1
62.7,1
62.4,3
62.5,45
62.2,3
62.3,2
72.45,2
65.74,1
37.88,4
11.18,35
11.19,1711
11.16,654
11.17,747
37.83,5
11.15,1026
11.12,3339
11.13,68
37.87,8
11.11,1175
252,1
255,1
3.83,336
3.82,278
3.81,21
3.87,56427
3.86,1396
3.85,20151
3.84,62
3.89,231
3.88,78645
80.25,3
80.24,1
26.29,4
26.28,2
26.25,118
26.24,4
26.27,7
26.26,19
26.21,2
26.23,2
26.22,4
316.77,1
65.98,1
65.95,1
65.96,1
68.42,2
68.45,1
112.85,1
128.19,1
112.82,1
35.87,2
35.86,3
13.16,158
13.17,198
35.83,5
13.11,31
35.81,3
13.13,84
13.18,22
13.19,23
35.89,3
35.88,6
18.39,35
18.38,135
18.37,94
18.36,21
18.35,138
18.34,12
18.33,65
18.32,9
18.31,152
5.78,785
5.79,247
5.71,305
5.72,37
5.73,178
5.74,60
5.75,56569
5.76,6527
5.77,3913
50.78,1
50.77,2
50.75,1
50.71,1
21.59,8
21.58,20
21.51,9
21.53,5
21.52,38
21.55,50
21.54,17
21.57,4
21.56,84
98.08,1
59.77,1
14.61,13
14.62,725
14.63,40
14.64,344
14.65,940
14.66,87
14.67,92
14.68,18
14.69,33
133.58,1
19.38,94
19.39,12
19.34,9
19.35,275
19.36,17
19.37,69
19.31,108
19.32,7
19.33,33
150,40
153,3
152,1
155,5
154,2
157,4
159,1
158,1
36.19,1
36.18,1
87.05,1
10.88,3167
48.65,2
99,11
48.67,3
36.16,3
98,9
48.68,1
96.35,1
96.32,1
109.3,1
93,11
5.19,196
90.75,1
90.74,1
50.52,2
92.3,1
92.5,5
92.4,1
85.04,1
85.06,1
4.85,11874
71.01,1
54.91,3
54.93,1
85.08,1
54.96,1
4.81,19
17.98,9
83.08,1
83.09,1
7.25,33890
34.91,1
7.27,9557
22.07,14
22.06,95
22.05,244
22.04,9
22.03,4
22.02,16
22.01,14
22.09,5
22.08,39
78.59,1
78.53,1
12.81,16
34.11,5
24.09,9
24.08,40
82.03,2
24.05,62
24.04,5
24.07,31
24.06,40
24.01,14
187.07,1
24.03,6
34.16,3
34.15,2
34.14,4
25.48,2
44.95,1
44.91,1
888.19,1
34.94,1
44.98,1
44.99,1
32.79,5
32.78,4
72.64,1
72.68,1
72.69,1
32.71,7
32.77,2
32.75,34
32.74,1
52.56,3
52.55,7
52.54,2
52.53,1
52.52,2
26.09,4
26.08,9
80.07,1
51.6,3
26.03,2
26.02,29
26.01,8
80.08,2
26.07,14
26.06,24
26.05,61
26.04,4
42.58,2
42.56,2
42.54,1
62.06,1
42.55,3
42.52,1
24.62,29
11.34,1589
11.35,1293
11.36,619
11.37,1074
11.31,30
11.32,257
11.33,2640
42.51,1
11.38,2025
11.39,20
12.75,3576
6.45,28644
6.46,17083
6.47,8252
12.71,382
6.41,9
6.42,61
12.72,8
6.48,160
6.49,111
27.48,3
128.31,1
13.72,11
13.73,24
13.71,154
13.76,96
13.77,59
13.74,526
13.75,2390
35.65,5
35.64,1
13.78,20
13.79,37
35.61,1
35.63,3
35.62,6
107.08,1
5.56,3937
5.57,2420
5.54,90
5.55,43281
5.52,270
5.53,56
5.51,68
5.58,1238
5.59,132
27.42,1
27.43,8
24.8,94
24.9,83
9.97,1430
24.4,104
24.5,226
24.6,202
24.7,55
9.94,15
24.2,70
24.3,95
28.58,16
28.59,3
28.56,11
28.57,4
28.54,1
28.55,19
28.52,3
28.53,4
28.51,2
40.53,1
21.77,7
21.76,13
21.75,262
21.74,7
21.73,5
21.72,7
21.71,32
21.79,16
21.78,5
60.83,1
60.89,1
60.88,3
62.83,5
62.86,1
2,8517773
14.88,585
14.89,17
14.86,67
14.87,216
14.84,12
14.85,1196
14.82,21
14.83,207
14.81,19
98.61,1
98.63,1
-11.57,1
46.4,6
46.5,60
46.6,3
46.7,1
46.1,1
46.2,7
46.3,3
46.8,7
46.9,2
19.58,63
19.59,33
19.52,10
19.53,21
19.51,30
19.56,174
19.57,43
19.54,18
19.55,145
104.7,1
104.1,1
48.43,1
48.47,1
48.44,1
48.49,1
48.48,5
74.88,1
96.15,1
-1.77,1
87.23,2
57.78,1
22.58,45
78.01,2
85.63,3
85.64,1
22.54,10
22.55,67
47.92,3
83.28,1
47.97,1
66.88,4
57.75,3
83.25,1
83.26,1
57.89,1
57.88,2
57.83,62
47.47,6
47.44,1
47.45,2
57.87,2
47.41,1
67.26,1
67.24,1
67.22,1
82.22,1
24.29,7
88.85,1
82.25,3
24.23,2
24.22,29
24.21,4
82.28,1
24.27,7
24.26,11
24.25,96
24.24,9
13.8,2549
13.9,1488
13.6,2330
13.7,1870
13.4,1865
13.5,5661
13.2,3604
13.3,2220
13.1,9397
88.88,4
93.37,1
39.38,1
39.39,2
39.36,1
39.34,1
39.35,1
39.33,6
39.31,2
32.11,6
32.13,3
32.12,5
32.15,4
32.14,3
32.17,13
32.16,4
32.19,2
32.18,2
84.08,1
72.89,1
108.58,1
72.83,2
59.83,2
59.85,1
59.87,1
59.86,1
59.89,1
59.88,1
26.61,2
40.91,2
40.92,2
26.62,24
26.65,32
40.95,6
40.96,4
26.66,16
40.98,1
40.99,1
-15.5,1
80.63,1
10.55,2356
10.54,22
10.57,1228
10.56,1288
10.51,19
10.53,42
10.52,10
10.59,1803
10.58,4288
131.5,1
22.59,11
11.52,16
11.53,81
11.51,30
11.56,162938
11.57,10333
11.54,23
11.55,77999
37.45,6
37.44,4
11.58,2326
11.59,19
37.41,3
37.43,1
37.42,1
6.62,29639
6.63,89
12.51,19
6.61,89
6.66,19360
12.56,248
12.55,1228
6.65,6841
6.68,206
6.69,339
63.31,1
13.58,414
13.59,569
35.49,1
35.48,2
35.43,2
13.51,14
13.52,12
13.53,45
35.47,5
13.55,752
13.56,116
13.57,121
104.85,1
28.74,3
28.75,72
28.77,2
28.71,9
28.72,13
28.73,2
28.78,5
28.79,3
68.89,1
68.88,2
68.84,1
113.62,1
113.64,1
68.83,4
17.47,143
21.99,16
21.98,17
21.95,55
21.94,23
21.97,53
21.96,30
21.91,13
21.93,25
21.92,13
79.8,1
31.6,41
31.7,8
31.4,34
31.5,108
31.2,69
31.3,13
31.1,20
472.28,1
31.8,33
33.19,1
46.23,1
6.27,7326
12.15,2637
6.25,44978
79.4,1
6.22,82
79.5,4
12.12,1734
12.11,40
6.28,148
12.18,20
7.14,287
7.15,7405
7.16,19390
7.17,15817
7.11,115
7.12,24821
7.13,154
7.18,179
7.19,108
94.38,1
80.21,1
19.71,34
19.72,45
19.73,17
19.74,26
19.75,296
19.76,24
19.77,28
19.78,10
19.79,24
89.99,2
89.93,1
89.91,1
198,2
195,1
197,6
196,1
131.18,1
190,1
96.8,1
96.6,1
96.5,7
96.3,1
64.52,1
30.92,1
48.28,2
96.75,2
48.21,1
48.25,2
48.24,1
48.27,3
48.26,1
90.38,1
30.98,2
90.33,1
87.42,1
134.42,1
87.41,1
87.44,1
6,412192
54.59,2
54.58,1
54.55,2
54.54,1
150.66,1
85.42,1
85.45,1
85.47,1
70.34,1
51.89,1
91.17,1
91.14,1
51.83,1
51.82,1
51.84,1
51.87,1
51.86,1
47.64,1
47.65,1
47.67,5
47.62,1
-55,1
-51,1
67.05,1
67.07,1
82.48,3
82.44,1
82.46,1
56.54,1
39.15,3
39.16,1
53.84,1
53.83,2
39.12,1
39.13,1
39.19,1
93.19,1
93.14,1
93.11,1
38.94,1
32.39,2
32.38,3
32.37,2
32.36,3
32.35,5
32.33,8
32.32,9
32.31,4
58.05,2
58.03,1
58.08,2
24.41,4
24.43,5
24.42,9
24.45,76
24.44,26
24.47,8
24.46,6
24.49,4
24.48,7
27.66,5
27.67,10
27.64,9
27.65,40
27.62,9
27.63,1
27.61,5
27.68,7
27.69,4
16.35,819
16.34,13
16.37,127
16.36,58
16.31,170
20.5,511
16.33,112
16.32,28
20.8,415
26.46,7
26.45,20
40.75,7
16.39,24
26.42,5
26.41,4
40.71,1
143.12,1
10.73,76
10.72,21
10.71,1572
10.77,557
10.76,979
10.75,6155
10.74,1763
10.79,32
10.78,48
11.78,20
11.79,1317
37.68,1
37.63,1
37.62,1
11.72,18
11.73,47
37.67,5
37.66,3
37.65,15
37.64,4
12.39,1058
6.09,297
12.31,29
6.01,49
12.33,1487
12.32,148
6.04,55
6.05,4767
6.06,11878
12.36,194
35.21,2
35.23,1
35.22,1
35.25,13
35.24,3
35.27,3
35.26,8
35.28,1
29.95,7
29.94,2
29.97,2
5.99,183
29.91,3
29.92,12
5.92,54
5.93,22
5.91,12
5.96,10395
5.97,5302
5.94,235
5.95,4801
124.86,1
28.12,36
28.13,7
28.11,12
77.92,1
28.17,9
28.15,12
28.18,5
28.19,5
46.05,3
55.96,1
46.07,3
46.06,1
0.99,8434
0.98,2480
0.95,9091
0.94,347
0.97,854
0.96,626
0.91,805
41.37,1
0.93,142
0.92,563
154.5,1
75.95,2
75.93,1
83.9,1
83.8,2
83.5,1
91.4,1
91.5,5
91.7,1
91.2,1
91.8,1
33.38,4
33.39,8
33.34,2
33.35,14
33.36,2
33.37,4
33.31,11
33.32,6
33.33,74
26.49,6
189.4,1
26.48,8
39.56,3
81.98,1
7.32,576
7.33,3227
7.31,18
7.36,19133
7.37,16374
7.34,53
7.35,23395
7.38,16490
7.39,118
82.11,1
133.33,1
19.98,18
19.99,28
19.96,19
19.97,13
19.94,54
19.95,248
19.92,35
19.93,84
19.91,31
1.67,795
1.66,890
1.65,188014
1.64,104
1.63,223
1.62,368722
1.61,379
1.69,544
1.68,801
94.53,1
39,202
48.05,5
38,345
48.01,1
48.08,1
23.33,17
53.79,1
39.47,1
32,737
31,379
53.75,7
37,335
36,457
39.41,2
6.17,10392
71.91,1
53.71,1
71.94,1
87.62,1
134.25,2
44.74,1
54.79,1
54.73,1
54.77,1
54.76,1
54.75,1
105.52,1
64.44,1
64.46,1
64.41,2
0.58,6461
70.12,1
70.16,1
70.14,1
34.01,2
90.56,1
91.39,1
91.31,1
50.8,27
50.5,44
50.4,2
50.6,4
50.1,6
50.3,3
50.2,2
34.08,5
34.09,1
76.3,1
76.5,13
76.6,2
76.8,1
47.02,1
47.03,1
47.01,3
47.06,4
47.07,1
47.05,3
58.59,1
25.72,24
67.62,2
67.61,1
38.75,14
38.74,1
38.77,1
38.76,1
38.71,2
38.79,1
39.72,1
39.73,2
39.71,1
39.76,1
39.75,12
53.65,2
109.6,1
53.67,1
53.61,2
53.62,1
93.78,1
4.88,45189
4.89,235
4.86,1867
4.87,32954
4.84,78
93.71,1
4.82,126
4.83,694
93.75,2
108.14,1
17.99,27
17.91,22
17.92,21
17.93,82
17.94,77
17.95,228
17.96,42
17.97,18
25.46,5
25.47,11
25.44,7
25.45,20
25.42,27
25.43,7
25.41,6
58.24,1
58.25,5
58.22,1
25.49,5
115.1,2
115.2,1
115.3,1
115.4,1
115.5,8
24.69,9
24.68,24
115.8,2
24.66,16
24.65,34
24.64,15
24.63,4
42.53,2
24.61,10
82.68,1
80.6,4
80.5,6
80.2,1
27.49,2
27.44,7
27.45,23
27.46,3
27.47,6
27.41,4
80.8,6
80.9,2
9.96,5180
40.55,4
40.56,2
9.95,7733
9.92,39
9.93,53
40.52,2
9.91,24
40.58,5
40.59,3
9.98,123
9.99,1873
16.13,44
16.12,481
16.11,32
52.43,1
16.17,66
16.16,56
16.15,555
16.14,107
16.19,39
16.18,70
280.3,1
273.57,1
10.19,30
10.18,77
42.62,1
10.11,164
10.13,54
10.12,5739
10.15,1713
10.14,1725
10.17,2371
10.16,2186
110.08,1
37.02,1
37.05,14
37.07,4
37.06,11
37.08,2
110.01,3
110.06,1
24.75,96
42.65,2
42.64,1
182.45,1
35.09,1
35.08,10
35.07,3
35.06,8
35.05,5
35.04,2
35.03,1
35.01,5
107.5,3
28.38,5
28.39,4
28.31,8
28.32,13
28.33,11
28.34,1
28.35,21
28.36,7
28.37,5
6.26,14892
12.16,273
6.24,280
12.14,15
12.13,95
6.23,50
46.25,13
6.21,308
9.85,2616
46.29,1
46.28,1
12.19,36
6.29,77
40.27,1
40.29,1
40.28,1
149.15,1
-6.5,1
144.72,1
33.58,2
33.52,2
33.51,2
33.56,4
33.57,2
33.55,9
62.25,2
62.24,1
62.21,1
62.23,1
62.22,1
26.67,18
81.74,1
7.58,4863
7.59,337
7.51,21
7.52,40
7.53,58
7.54,47
7.55,8280
7.56,17606
7.57,9545
41.9,1
41.8,38
41.7,6
41.6,10
41.5,70
41.4,21
41.3,1
41.2,16
41.1,12
63.3,1
63.1,1
63.7,3
63.6,1
63.5,10
63.4,1
10.08,6962
10.09,100
1.49,1436
1.48,563
1.45,7800
1.44,1593
1.47,717
1.46,145
1.41,568
1.43,481
1.42,2052
15.49,31
15.48,30
94.76,1
114.21,1
132.8,1
8.51,14
8.53,72
33.7,8
6.74,48
33.1,11
33.2,28
33.3,35
54.15,1
54.17,4
78.73,1
78.72,1
64.63,1
64.62,1
30.82,2
30.83,14
30.84,3
30.85,6
30.86,2
30.87,4
30.88,26
30.89,6
70.78,1
78.78,1
91.58,1
91.52,1
47.87,1
73.5,6
73.7,1
73.8,1
154.48,1
47.28,2
22.89,11
22.88,41
22.87,52
22.86,11
47.22,1
22.84,5
22.83,12
47.25,1
47.26,1
47.27,1
-10,1
-12,1
51.49,1
51.45,2
51.46,1
38.52,2
38.51,2
38.55,3
66.3,3
38.59,1
38.58,1
14.74,17
35.11,8
14.73,36
14.72,17
39.58,3
23.27,14
23.24,10
23.25,203
23.22,5
14.71,78
23.21,9
39.51,3
39.53,1
39.54,3
39.55,5
53.45,2
23.29,8
86.77,1
72.3,2
-1.2,2
-1.4,2
-1.5,2
-1.6,3
25.64,6
25.65,98
25.66,23
25.67,22
25.61,7
25.62,11
58.45,1
42.74,1
42.75,9
42.77,1
42.71,1
42.72,1
42.73,2
110.3,2
82.89,1
110.8,1
82.87,1
82.81,2
82.82,2
27.29,3
27.22,20
27.23,4
27.21,6
27.26,5
27.27,12
27.24,3
27.25,52
40.32,1
40.33,3
9.78,35
40.37,2
40.35,1
9.74,35
9.75,15628
9.76,3294
9.77,1859
9.71,2435
9.72,18
9.73,110
16.79,17
16.78,19
80.88,1
16.71,51
80.82,1
16.73,32
16.72,32
16.75,944
16.74,63
16.77,34
16.76,34
36.86,2
36.87,1
10.35,6470
10.34,20
10.33,5242
36.83,12
10.31,25
36.81,2
36.88,2
36.89,1
15.56,110
15.57,28
15.54,176
15.55,883
15.52,33
15.53,40
15.51,29
15.58,132
15.59,22
37.28,1
37.27,1
37.25,18
37.23,1
37.21,2
55.17,1
55.14,1
55.13,1
55.11,1
55.19,1
95.3,1
95.5,2
113.85,1
34.88,2
34.89,1
34.84,1
34.85,10
46.43,2
34.87,1
46.45,2
46.44,1
34.82,4
34.83,10
60.09,1
60.08,10
60.07,2
60.06,1
60.01,1
33.71,3
33.72,1
33.73,1
33.74,1
33.75,52
33.76,1
33.77,1
33.78,1
33.79,1
32.9,7
32.8,29
32.1,18
32.59,3
32.3,18
32.2,43
32.5,228
32.4,38
32.7,26
32.58,7
6.34,61
62.05,1
17.18,80
32.54,1
8.1,32325
8.3,18979
8.2,26221
8.5,42132
8.4,25838
8.7,31556
12.01,24
8.9,12196
8.8,18748
6.37,19705
12.02,21
12.03,43
6.35,9758
12.05,2254
12.06,395
12.07,280
6.39,302
6.38,20393
46.36,1
101.11,3
72.43,1
81.52,1
81.51,1
72.41,1
7.76,15827
7.77,8690
7.74,322
1.28,5955
7.72,38
7.73,99
7.71,2006
1.23,3367
1.22,6337
1.21,1360
1.27,1652
1.26,1227
359,1
1.24,448
37.81,1
11.14,15
37.82,3
30.81,4
37.85,4
37.84,2
37.86,8
45.97,1
45.96,1
45.95,1
45.94,1
45.99,1
45.98,1
54.35,1
54.33,1
54.32,1
117.67,1
117.61,1
117.62,1
25.1,37
64.08,1
25.3,35
25.2,141
70.53,1
25.4,112
25.7,31
30.69,3
25.9,26
30.67,8
30.64,4
30.65,6
30.62,16
30.61,2
56.47,1
116.47,1
9.8,8481
9.9,11952
9.4,8263
9.5,20055
9.6,14186
9.7,14032
9.1,11263
9.2,17856
9.3,17888
84.9,1
84.2,1
84.3,3
84.5,1
51.68,1
51.62,1
51.61,2
51.66,1
51.65,2
38.38,2
38.31,3
38.33,4
38.35,1
38.37,2
119.92,1
53.24,1
53.26,1
111.4,1
23.08,17
23.09,6
23.04,10
23.05,79
23.06,35
23.07,24
23.01,15
23.02,50
23.03,5
43.94,1
43.96,1
43.91,1
151.5,5
43.93,1
43.92,2
58.69,1
20.45,125
20.44,36
20.47,63
20.46,14
20.41,13
20.43,48
20.42,11
25.02,7
25.03,1
25.01,8
20.49,22
25.07,25
25.04,3
25.05,75
42.12,2
42.13,1
42.11,1
42.17,15
42.15,2
42.19,1
99.99,5
16.57,43
16.56,102
9.58,7102
9.59,19
16.53,44
16.52,24
16.51,29
9.52,26
9.53,42
9.51,28
9.56,3992
9.57,3147
16.59,80
9.55,4249
177.5,1
15.78,28
15.79,70
15.74,19
15.75,10684
15.76,36
15.77,36
15.71,61
15.72,23
15.73,46
27.01,6
27.02,8
27.04,3
41.96,3
27.06,34
27.07,14
27.08,32
27.09,3
41.99,2
41.98,1
55.33,1
106.05,1
106.03,1
180.18,1
22.85,60
22.82,7
22.81,32
46.67,5
46.66,6
46.63,1
41.28,1
0.39,87
0.38,228
0.37,853
0.36,123
0.35,1609
0.34,64
0.33,642
0.32,820
0.31,88
41.26,1
41.25,31
75.38,1
41.22,1
75.32,1
41.23,1
71.2,2
71.1,3
71.6,1
71.7,1
71.5,18
71.9,1
60.29,3
102.02,1
86.92,2
86.96,2
60.25,2
60.24,1
33.98,8
33.99,4
33.96,4
33.97,2
33.94,1
33.95,2
33.92,4
33.93,1
33.91,2
42.93,1
92.63,1
2.84,27
2.85,191076
2.86,311
2.87,107888
2.81,139
2.82,152
2.83,64
2.88,155947
2.89,1015
8.37,9889
8.36,10324
8.35,5673
8.34,436
8.33,7467
8.32,1188
8.31,34
8.39,65
8.38,11759
13.14,667
13.15,817
35.85,11
35.82,1
81.33,1
81.32,1
13.12,20133
62.62,4
84.95,2
84.97,1
112.5,2
6.7,57594
6.6,85734
6.5,121577
6.4,65541
6.3,92338
12.6,4787
6.1,80818
12.4,2840
12.9,3077
12.8,2538
6.9,65751
6.8,53315
76.42,1
859.5,1
1.01,8769
1.03,654
1.02,1375
1.05,41670
1.04,948
1.07,795
1.06,232
1.09,1092
1.08,50015
101.01,1
7.98,196
7.99,101
101.07,1
7.94,30
7.95,23154
7.96,16056
7.97,7162
375,1
7.91,11
7.92,38
7.93,94
93.55,1
23.26,16
114.61,2
23.23,14
73.78,1
45.78,1
45.75,8
45.77,1
45.73,2
73.73,1
53.47,1
53.46,1
23.28,11
115.45,1
30.44,2
30.45,16
30.46,6
30.47,8
30.41,1
117.49,1
30.43,2
117.46,2
30.48,3
30.49,1
64.29,1
30.9,15
30.8,76
30.3,39
30.2,31
30.1,18
30.7,8
30.6,50
30.5,89
30.4,71
67.86,2
67.87,1
67.83,8
-5.7,1
67.89,2
-5.2,1
125.55,3
51.07,1
51.06,3
51.09,1
51.08,1
49.63,2
25.68,8
91.94,1
91.95,1
25.69,3
7.2,56013
7.3,36839
7.1,43348
7.6,30599
7.7,34858
7.4,33379
7.5,106756
7.8,39301
7.9,22651
53.03,3
23.68,10
58.41,1
23.62,67
23.63,3
23.61,8
23.66,13
23.67,7
23.64,8
23.65,47
58.44,1
25.63,1
25.21,5
25.22,7
25.23,3
25.24,1
25.25,74
58.88,3
58.89,1
25.28,13
58.87,1
58.82,1
58.83,1
20.63,6
20.62,116
20.61,21
20.67,26
20.66,16
20.65,108
20.64,19
20.69,42
20.68,55
42.32,1
42.33,3
42.35,2
42.36,1
42.37,3
38.17,2
38.15,3
38.14,1
38.13,1
38.12,6
38.11,6
38.19,2
38.18,2
9.31,11
9.32,1088
9.33,7599
9.34,25
9.35,3148
9.36,4679
9.37,4902
9.38,6216
9.39,1260
110.5,1
42.8,11
42.9,4
15.18,80
15.19,36
15.12,531
42.1,3
42.2,7
15.11,26
42.4,21
42.5,49
15.14,19
15.15,1231
142.16,2
142.17,1
55.58,1
55.59,2
60.8,9
60.9,1
60.4,1
60.5,4
60.6,6
55.56,1
55.54,1
55.55,38
88.26,1
88.22,1
29.42,1
0.15,10476
0.14,413
0.17,463
0.16,252
0.11,3916
0.13,399
0.12,1682
77.17,1
95.82,1
0.19,268
0.18,1510
29.47,15
6.81,20
6.82,231
6.83,1298
6.84,278
6.85,10270
6.86,18742
6.87,18171
6.88,18961
6.89,90
46.87,1
46.86,1
46.81,2
46.83,4
106.29,1
9.79,40
104.61,1
40.39,2
29.19,3
29.18,2
29.15,10
29.14,1
29.17,7
29.16,3
29.11,15
29.13,3
29.12,22
60.42,1
60.45,2
60.46,1
75.14,1
80.83,1
75.11,1
75.13,1
8.19,404
8.18,117
8.15,4829
8.14,47
8.17,8656
8.16,12221
8.11,103
8.13,86
8.12,17643
63.66,1
63.67,1
63.64,1
63.65,1
63.63,2
1.31,324
81.17,1
81.16,1
81.11,1
62.49,1
62.48,2
62.47,1
62.45,2
84.75,2
10.37,2304
10.36,1738
9.82,805
36.85,4
36.82,1
10.32,578
10.39,13
10.38,3526
79.21,1
79.23,1
56.83,4
56.84,1
56.86,1
72.38,1
21.5,419
21.4,195
21.7,73
21.6,316
21.1,77
21.3,217
21.2,177
21.9,183
21.8,157
48.89,1
48.88,3
48.87,1
48.86,1
48.85,1
48.84,1
48.83,5
45.58,3
45.52,4
73.11,2
45.57,1
45.56,1
45.55,6
24.71,22
3.54,49
3.55,1643
3.56,1326
3.57,752
3.51,227
3.52,363
3.53,208
3.58,1620
3.59,66
49.25,5
115.61,1
30.22,2
30.23,1
30.21,1
30.26,4
30.27,6
30.24,4
30.25,30
117.21,1
30.28,1
117.25,1
70.91,1
70.94,1
86.66,1
69.91,1
69.95,1
69.96,1
155.5,5
35.8,28
35.9,2
35.2,29
35.3,4
35.1,22
35.6,22
35.7,12
35.4,21
35.5,84
50.83,5
50.81,1
50.88,4
50.89,1
51.28,1
51.27,1
51.25,12
125.74,1
23.41,8
23.42,9
23.43,23
23.44,21
23.45,44
23.46,13
23.47,42
23.48,17
23.49,7
7.78,219
328.26,1
20.09,30
20.08,211
7.79,70
20.01,32
20.03,20
20.02,76
20.05,225
20.04,42
20.07,40
20.06,212
59.2,1
59.4,5
59.5,6
59.6,2
59.7,1
59.9,1
52.88,2
52.83,2
9.18,69
9.19,44
9.16,5329
9.17,4095
9.14,24
9.15,9954
9.12,9961
9.13,88
9.11,123
16.99,23
16.98,21
16.93,65
16.92,23
16.91,27
16.97,22
16.96,47
16.95,628
16.94,39
15.31,45
15.32,21
15.33,240
15.34,16
15.35,722
15.36,43
15.37,170
15.38,380
15.39,206
110.88,1
55.72,1
55.77,4
55.78,2
88.01,1
88.04,1
10.91,10
10.93,98
10.92,32
10.95,7848
10.94,8
10.97,444
10.96,2147
10.99,20
10.98,55
77.34,1
77.31,1
0.73,69
0.72,3323
0.71,459
0.77,4696
0.76,346
0.75,226708
0.74,315
0.79,494
0.78,1375
12.99,786
12.98,25
12.97,80
12.96,448
12.95,1451
34.25,16
34.22,2
12.92,18
12.91,7
34.21,2
5.9,85838
29.39,1
29.38,6
29.33,11
29.32,5
29.31,4
29.37,4
29.36,4
29.35,4
29.34,2
86.57,1
60.65,1
86.52,1
60.62,2
60.61,1
74.74,1
92.21,1
92.25,1
92.29,1
22.2,376
22.3,57
22.1,102
22.6,177
22.7,73
22.4,191
22.5,1198
22.8,380
22.9,82
39.8,12
32.49,2
44.83,8
8.79,724
8.78,69
39.7,4
8.73,119
8.72,16
8.71,3147
8.77,4071
8.76,7290
8.75,18742
8.74,51
61.46,1
39.5,37
32.42,2
39.1,3
46.41,1
63.49,1
63.47,1
121.11,1
63.42,1
84.51,1
46.47,1
46.46,2
108.5,1
199.18,1
156.6,1
156.5,1
56.66,2
79.06,1
56.64,1
56.62,1
56.61,1
81.8,1
81.2,3
81.1,3
81.7,1
81.6,1
81.5,12
37.93,2
37.97,1
45.33,1
45.32,1
45.35,1
45.36,1
45.39,1
37.95,4
64.75,1
3.72,92
3.73,61
3.71,106
3.76,1358
3.77,908
3.74,55
3.75,263055
3.78,166
3.79,39
106.5,3
49.06,1
49.07,3
49.01,1
49.02,2
117.06,1
117.09,1
-0.56,1
30.08,58
30.09,6
30.01,6
30.02,6
30.03,10
30.04,6
30.05,16
30.06,14
30.07,11
24.58,8
56.37,1
40.16,1
41.09,1
1.96,497
1.97,113
31.36,5
31.37,5
31.35,14
31.32,1
31.33,22
31.31,12
40.17,2
31.38,4
31.39,3
3,2946300
112.59,1
20.27,26
20.26,35
20.25,396
20.24,17
20.23,15
20.22,12
20.21,14
20.29,17
20.28,12
25.89,12
11.8,4532
11.9,3199
11.4,6862
11.5,9714
11.6,7486
11.7,7424
11.1,7888
11.2,7465
11.3,4186
41.39,2
41.38,3
55.99,1
41.35,1
41.34,1
55.94,1
55.95,1
41.31,4
55.93,1
41.33,9
41.32,1
32.6,20
111.01,2
111.02,1
138.84,1
111.08,1
36.08,7
22.91,11
36.06,4
36.07,4
36.04,1
36.05,6
36.02,1
22.92,13
95.48,1
77.55,1
95.45,2
22.94,8
95.43,1
56.6,1
0.59,567
34.05,11
34.06,11
34.07,5
22.96,16
34.02,2
34.03,1
0.51,650
0.53,95
0.52,1626
0.55,18160
0.54,224
0.57,981
0.56,354
88.63,1
133.3,1
88.64,2
88.68,2
41.11,3
41.17,1
27.85,12
27.86,13
27.87,19
29.51,1
76.54,1
29.53,2
29.55,15
101.28,1
29.57,4
29.56,9
29.58,3
74.52,1
74.51,1
74.55,1
8.6,15950
92.04,1
75.55,2
97.45,1
33.4,25
33.5,143
33.6,45
8.52,29
8.55,14840
8.54,31
8.57,5846
8.56,8819
8.59,145
8.58,7848
33.8,23
33.9,23
61.69,1
61.64,1
61.65,1
61.62,1
72.5,7
86.75,1
72.6,3
72.1,1
86.72,1
72.2,2
121.34,1
48.64,1
35.92,2
35.93,1
63.21,1
45.08,3
84.31,3
35.96,2
84.38,1
48.62,1
35.98,1
600,2
45.04,2
78.88,1
78.84,1
78.85,1
78.83,1
-0.5,2
56.46,1
-0.6,3
-0.9,5
66.76,1
111.5,14
252.98,1
66.75,2
66.72,1
111.1,2
111.2,1
66.79,3
45.17,1
45.16,1
45.15,2
45.13,2
45.12,2
45.11,1
-7,1
-6,1
-1,8
-3,6
-2,6
3.18,111
3.19,50
3.11,260
3.12,217484
3.13,132
3.14,148
3.15,134549
3.16,685
3.17,3001
37.1,4
5.61,30
44.25,7
44.24,1
49.69,1
94.5,2
5.67,6028
44.28,2
94.2,1
37.6,15
5.64,237
64.84,2
64.87,1
64.88,1
11.85,3009
11.84,13
11.87,756
11.86,299
11.81,19
11.83,2008
11.82,190
95.64,1
11.89,23
11.88,1387
69.58,2
13.83,337
13.82,28
13.81,273
13.87,314
13.86,104
13.85,734
13.84,13
13.89,498
13.88,656
31.18,4
31.19,1
31.14,1
31.15,1
31.16,1
31.17,3
31.11,15
31.12,14
31.13,4
-0.75,9
112.38,1
112.31,1
112.32,1
112.34,1
23.84,4
23.85,93
23.86,43
23.87,49
23.81,49
23.82,9
23.83,19
23.88,28
23.89,9
18.88,189
18.89,12
18.82,26
18.83,35
18.81,168
18.86,19
18.87,56
18.84,27
18.85,145
100.77,3
100.74,1
100.75,1
42.05,4
99.14,1
99.83,1
80.93,1
25.82,3
25.83,10
25.81,20
25.86,17
25.87,26
25.84,3
25.85,26
43.14,1
25.88,38
43.16,1
43.11,3
43.12,1
27.88,9
27.89,4
41.18,1
41.13,1
27.81,9
27.82,7
27.83,11
27.84,4
41.16,2
41.15,3
41.14,1
36.24,2
36.25,25
36.26,3
36.27,4
36.22,3
36.23,1
111.25,3
7,227376
77.75,1
77.76,1
77.77,2
34.62,4
89.64,1
34.61,2
34.66,3
34.67,10
34.64,4
34.65,7
34.69,1
89.69,1
76.75,1
80.95,1
88.49,1
88.47,1
76.79,1
9.69,1495
9.68,43
9.67,2323
9.66,3812
40.05,6
76.73,1
9.64,9
76.76,2
29.79,2
29.78,3
29.77,15
29.76,1
29.75,33
29.72,3
29.71,4
40.02,3
74.38,1
74.33,1
74.37,1
97.25,2
87.94,1
87.91,1
61.08,1
61.02,2
61.03,1
61.06,1
1.29,1255
61.05,2
7.75,29860
86.17,1
79.68,1
85.92,2
63.02,1
63.05,1
63.08,1
85.9,1
85.8,1
85.5,4
85.2,1
85.1,1
2.08,25260
1.25,602056
2.04,264
2.05,1536
2.06,173
2.07,460
2.01,1826
2.02,2446
2.03,404
1.89,1527
1.88,247816
56.21,1
56.26,2
56.27,2
56.24,1
56.25,3
1.81,636
1.83,175
1.82,358
1.85,60075
1.84,177
1.87,151595
1.86,383
83.98,1
66.55,1
144.8,1
31.64,6
59.57,1
59.51,1
59.58,1
59.59,3
49.42,1
49.44,1
49.45,1
49.47,1
49.48,1
49.49,1
17.65,441
17.64,39
17.67,40
17.66,24
17.61,17
44.06,2
17.63,20
17.62,303
44.08,1
17.69,43
17.68,61
40.51,1
27.11,18
69.74,2
3.36,1061
3.37,80384
3.34,55
3.35,28698
3.32,180
3.33,7540
3.31,80
3.38,109428
3.39,154
154.83,1
65.06,1
31.78,2
31.79,1
31.72,5
31.73,3
31.71,1
31.76,2
31.77,4
65.08,5
31.75,21
70.5,7
70.4,1
70.3,1
70.1,1
70.8,3
112.12,1
15.2,1298
15.3,1213
15.4,880
15.5,3004
15.6,29290
15.7,718
15.8,1118
15.9,1036
112.18,1
128.88,1
100.58,1
99.37,1
34.28,3
200.71,1
24.02,9
38.96,2
38.95,2
52.25,8
38.92,2
38.91,3
52.21,1
113.5,1
85.96,1
43.33,4
43.31,1
43.37,3
43.35,1
43.34,1
41.73,2
41.75,11
41.77,2
41.76,1
41.78,1
14.15,583
14.14,21
14.17,120
14.16,83
14.11,23
82.2,2
14.12,726
14.19,385
14.18,19
58.32,1
36.42,1
36.43,1
36.46,1
36.47,2
36.44,1
36.45,7
111.41,1
36.48,1
15.92,19
15.93,101
15.91,38
15.96,65
15.97,193
15.94,33
15.95,709
15.98,23
15.99,136
34.48,2
34.49,3
34.41,3
34.42,4
34.44,2
34.45,5
34.46,1
89.43,1
44.92,1
76.11,2
76.12,1
63.93,1
95.05,1
95.06,3
2.09,510
74.17,1
74.15,2
153.25,1
72.62,2
97.01,1
61.24,1
61.25,8
61.26,1
86.38,1
169.8,1
86.32,1
86.35,1
8.95,11388
8.94,827
8.97,3473
8.96,9155
71.47,1
8.93,54
8.92,56
2.22,21081
2.23,350
2.21,590
8.99,95
8.98,180
2.24,175
2.25,716831
120.79,1
144.94,1
56.09,1
56.04,1
56.05,1
56.06,2
56.07,2
66.39,2
66.33,1
4.77,1045
4.76,1624
4.75,97197
4.74,139
4.73,55
4.72,165
4.71,237
4.79,35
4.78,89
57.33,1
57.38,1
73.99,1
70.55,1
24.96,11
24.97,30
24.94,18
24.95,22
43.9,5
43.8,13
24.91,15
43.5,39
43.4,8
43.7,2
43.6,10
59.71,2
24.98,18
24.99,8
30.68,7
25.6,95
61.1,1
30.66,6
61.2,3
61.5,18
61.6,2
61.8,3
64.02,1
26.98,3
26.99,3
26.94,6
26.95,9
26.96,5
26.97,1
26.91,4
26.92,7
26.93,2
17.43,76
17.42,23
17.41,19
72.11,2
17.46,38
17.45,392
17.44,31
17.49,61
44.62,2
44.65,3
44.66,3
193.55,1
69.15,1
69.19,1
56.23,1
122.55,1
31.51,2
31.52,2
31.53,1
31.55,4
31.56,3
31.57,5
31.58,6
31.59,11
65.25,2
65.26,1
65.21,1
65.22,2
18.48,13
18.49,21
18.46,20
18.47,10
18.44,39
18.45,354
18.42,20
18.43,81
18.41,17
100.32,1
100.33,1
100.34,1
100.39,2
105.91,1
50.08,15
50.09,3
50.06,1
50.07,2
105.99,1
50.05,4
50.01,1
99.59,1
52.05,1
52.06,2
52.07,1
52.03,1
52.08,2
66.56,2
33.83,12
43.51,1
43.53,1
43.52,1
43.54,1
43.57,2
43.56,1
43.58,3
20.81,113
20.83,17
20.82,7
20.85,201
99.9,1
20.87,48
20.86,16
20.89,11
99.5,3
99.1,1
99.3,2
41.59,2
41.58,3
41.57,1
41.56,2
41.55,6
41.53,1
41.52,4
41.51,1
2.9,794221
2.8,899119
46.26,1
14.33,27506
14.32,9178
14.31,17
14.37,279
14.36,83
14.35,782
14.34,375
14.39,20
14.38,529
36.68,3
36.69,4
2.7,1109042
36.62,4
36.65,5
36.66,2
36.67,1
55.21,1
89.21,1
6.44,49
12.74,3
12.77,83
12.76,209
94.88,1
12.73,71
6.43,21
40.79,1
87.32,1
12.79,28
40.76,1
96.82,1
12.78,12
120,64
121,4
122,11
123,3
124,5
125,20
126,5
127,9
128,1
129,2
34.9,5
34.8,37
34.7,7
34.6,16
34.5,83
34.4,32
34.3,9
34.2,54
34.1,6
35.68,2
2.41,143
2.42,137
2.43,188
2.44,160
2.45,1311
2.46,163
2.47,356
2.48,726
2.49,361
71.25,2
35.67,6
35.66,2
80.51,1
12.17,2067
331.5,1
58.5,10
58.4,2
58.7,1
58.1,2
66.15,1
66.16,1
66.17,2
83.55,1
58.9,1
58.8,6
53.25,3
39.83,3
39.81,1
39.87,1
39.85,1
39.84,1
39.88,1
4.59,156
4.58,1180
4.55,1335
4.54,68
4.57,901
4.56,1794
4.51,77
4.53,48
4.52,47
22.76,11
22.77,5
22.74,9
22.75,120
22.72,40
22.73,3
22.71,30
57.17,3
37.5,177
57.11,1
22.78,10
22.79,2
78.25,1
78.22,2
59.18,1
59.16,1
59.14,1
48,193
81.43,1
64.1,1
64.3,1
64.4,2
64.5,6
64.7,1
64.8,3
49.86,2
49.87,1
49.82,1
49.88,2
49.89,1
43,170
44.47,1
44.46,3
44.45,2
44.44,19
44.43,2
44.42,2
44.41,1
17.29,22
17.28,11
32.88,4
32.89,8
72.36,1
72.35,1
29.41,1
32.82,3
32.83,4
17.23,28
17.22,12
32.86,2
32.87,3
17.27,41
32.85,9
167.17,1
69.39,1
69.32,1
88.8,4
88.9,1
88.6,1
88.4,1
88.5,7
88.3,2
24.1,46
58.64,3
58.65,3
65.48,1
34.54,1
58.66,1
65.47,1
28.89,13
28.88,24
68.14,1
68.12,2
68.11,1
28.81,9
28.83,4
28.82,2
28.85,16
28.84,2
28.87,11
28.86,2
44.05,3
44.04,1
25.08,62
23.7,106
23.6,167
23.5,287
23.4,281
13.29,645
13.28,12
23.1,144
13.25,2207
13.24,15
13.27,46
13.26,104
13.21,251
13.23,42
13.22,15
18.64,11
18.65,265
18.66,38
18.67,41
18.61,11
18.62,192
18.63,22
18.68,82
18.69,81
5.27,1218
5.26,2270
5.25,110291
5.24,44
5.23,55
5.22,225
5.21,303
5.29,125
5.28,173
50.26,1
100.19,2
50.22,1
100.14,1
25.06,67
100.16,1
100.11,3
20.48,20
99.75,1
52.66,2
52.64,1
52.65,3
52.68,1
52.69,1
86.5,5
119.76,1
147.5,3
21.06,126
21.07,51
21.04,6
21.05,133
21.02,7
21.03,8
21.01,26
21.08,46
21.09,20
98.73,1
98.76,2
98.75,1
43.78,1
43.77,1
43.76,1
43.75,16
43.73,2
14.59,28
14.58,209
49.05,2
14.51,15
14.53,42
14.52,26
14.55,1283
14.54,33
14.57,59
14.56,434
89.09,1
16.55,491
16.54,23
76.67,2
40.11,1
40.13,2
40.14,1
40.15,1
19.05,429
19.04,11
19.07,17
19.06,167
19.01,12
9.54,1340
19.03,10
19.02,8
16.58,160
19.09,10
19.08,37
108,7
109,1
102,6
103,4
100,358
101,19
106,5
107,10
104,5
105,16
40.97,2
156.32,1
46.08,1
79.76,1
71.06,2
71.05,1
2.68,155
2.69,163
2.66,276
2.67,1526
2.64,157
2.65,946
2.62,300337
2.63,200
2.61,256
85.38,2
85.36,2
65.04,1
228.86,1
83.75,2
4.39,44
4.38,54548
4.33,627
4.32,148
4.31,8
4.37,42041
4.36,1521
4.35,76803
4.34,51
10.1,6605
47.98,1
10.3,6822
10.2,15932
10.5,109072
10.4,351953
10.7,8879
10.6,6376
10.9,4632
10.8,10516
22.56,79
22.57,36
57.76,1
22.51,17
22.52,20
22.53,4
59.31,1
59.32,3
47.58,1
17.07,46
17.06,234
17.05,615
17.04,85
17.03,31
17.02,25
17.01,26
47.54,1
79.2,1
79.1,1
79.6,1
79.7,1
17.09,13
17.08,69
72.58,2
122.6,1
122.5,1
122.8,1
72.55,1
41.91,1
27.05,24
11.09,29
11.08,3340
11.05,3139
11.04,1874
11.07,651
11.06,718
11.01,70
11.03,43
11.02,26
55.35,2
55.36,1
3.91,41
3.92,30
3.93,41
3.94,23
3.95,1163
3.96,1692
3.97,826
3.98,210
3.99,897
31.94,3
31.95,9
31.96,3
31.97,1
31.91,2
31.93,2
31.99,1
65.65,1
65.67,2
68.38,1
15.1,927
112.17,1
63.38,1
13.09,37
13.08,699
13.03,65
13.02,11
13.01,17
13.07,138
13.06,186
13.05,2368
13.04,25
18.02,16
18.03,19
18.01,17
18.06,104
18.07,42
18.04,23
18.05,452
18.08,112
18.09,37
5.09,106
5.08,5240
5.05,1595
5.04,223
5.07,1096
5.06,1963
5.01,173
5.03,59
5.02,136
50.46,1
50.47,1
50.45,2
21.16,22
50.49,2
42.83,4
42.85,3
52.49,1
52.41,1
42.86,6
-3.4,1
21.28,6
21.29,14
21.24,12
21.25,422
21.26,24
21.27,16
21.21,21
21.22,35
21.23,5
98.13,1
98.15,1
178.42,1
52.6,5
20.9,142
66.2,2
14.76,64
14.75,1620
66.1,2
66.6,7
66.7,2
66.4,1
66.5,23
66.8,1
66.9,1
14.79,312
14.78,18
403.98,1
177.44,1
19.23,17
19.22,10
19.21,11
19.27,28
19.26,12
19.25,322
19.24,12
19.29,34
19.28,15
168,1
169,1
165,2
166,1
167,2
160,11
161,1
162,3
46.62,1
2.11,886
61.83,2
87.18,1
-3.75,1
150.18,1
150.15,5
63.83,5
83.15,1
203.5,1
52.24,1
4.11,145
4.13,216
4.12,110111
4.15,759
4.14,205
4.17,4816
4.16,1560
4.19,34
4.18,90
189.35,1
57.55,2
57.57,2
57.58,1
57.59,1
22.38,39
22.39,11
78.64,2
22.32,15
22.33,22
22.31,52
22.36,6
22.37,29
22.34,5
22.35,117
35,1443
187.75,1
30.53,1
30.52,5
72.76,1
44.89,1
44.88,1
72.73,1
32.48,3
39.9,11
32.46,5
32.47,13
39.4,7
32.45,18
39.2,17
39.3,7
44.85,6
32.41,1
26.14,3
11.29,43
11.28,28
11.23,116
11.22,61
11.21,1097
37.91,2
11.27,364
11.26,514
11.25,8331
11.24,29
223,1
40.82,1
137.5,1
26.38,8
26.39,6
26.36,3
26.37,6
26.34,2
26.35,22
26.32,11
26.33,27
26.31,16
65.84,1
65.83,2
3.8,383954
128.09,1
112.95,1
13.61,12
35.91,1
13.63,44
13.62,996
13.65,2185
13.64,8
13.67,84
13.66,114
13.69,50
13.68,13
18.28,16
18.29,26
18.21,23
18.22,51
18.23,11
18.24,36
18.25,512
18.26,21
18.27,24
37.8,23
37.9,3
5.69,78
5.68,139
5.63,47
5.62,49533
37.2,26
37.3,4
37.4,24
5.66,5229
5.65,2140
37.7,4
50.69,1
105.33,1
105.38,1
50.64,1
50.66,1
50.67,2
0,82517575
28.49,1
28.48,1
28.45,9
28.44,1
28.47,1
28.46,4
28.41,3
28.43,1
28.42,8
21.48,8
21.49,15
21.42,14
21.43,43
21.41,22
21.46,21
21.47,13
21.44,27
21.45,154
300.3,1
57.6,3
57.7,1
57.5,25
166.87,1
57.3,16
57.8,2
14.99,25
14.98,29
14.95,892
14.94,261
14.97,32
14.96,117
14.91,11
14.93,42
14.92,16
76.91,1
6.57,8712
76.92,1
6.56,17316
6.55,6988
6.54,264
6.53,29
12.63,234
19.49,21
19.48,21
19.41,14
19.43,102
19.42,32
19.45,133
19.44,61
19.47,21
19.46,20
146,1
147,7
144,1
145,5
142,1
143,2
140,21
141,2
148,3
149,1
6.59,74
6.58,1232
51.72,2
67.92,1
75.2,1
49.65,3
87.34,1
48.75,8
48.79,2
96.25,1
74.91,2
-1.62,1
14.5,3591
14.4,1882
14.7,1614
14.6,1490
14.1,1994
35.78,2
14.3,3893
14.2,1727
13.48,20
14.9,861
14.8,1129
82.7,1
35.77,4
13.45,1234
13.44,567
14.13,40
35.72,2
35.73,1
85.77,1
54.85,2
43.3,3
41.95,1
43.2,12
41.94,1
22.11,29
22.12,107
22.13,9
22.14,18
22.15,44
22.16,13
22.17,62
22.18,18
22.19,28
47.56,1
47.53,2
78.48,1
67.34,3
67.37,1
42.88,3
82.15,1
82.13,1
24.18,6
24.19,8
24.16,9
24.17,6
24.14,5
24.15,62
24.12,20
24.13,9
42.87,3
24.11,10
81.34,1
11,29778
10,249795
13,112153
12,45239
15,40623
14,10725
17,5382
16,7191
19,2143
18,7237
39.29,1
39.28,2
93.22,1
39.25,10
39.24,1
39.27,2
39.26,4
39.23,2
39.22,1
32.64,1
32.65,10
32.66,6
32.61,3
32.62,5
32.63,3
32.68,1
32.69,2
72.95,1
72.94,1
72.93,1
62.64,2
200,55
202,1
40.87,1
26.15,14
26.16,8
26.17,10
40.83,4
26.11,11
26.12,34
26.13,9
26.18,13
26.19,4
40.89,5
40.88,6
80.19,1
80.17,1
25.37,12
43.87,2
43.85,1
89.46,1
43.83,6
11.41,24
11.43,40
11.42,34
11.45,14641
11.44,34
11.47,104954
11.46,36488
11.49,1551
11.48,56
34.47,1
12.66,243
12.67,151
12.64,5
12.65,1064
12.62,1332
6.52,37
6.51,29
12.61,10
12.68,19
12.69,931
58.93,1
113.73,1
17.72,30
25.38,13
128.25,1
17.73,22
12.3,4083
13.49,23
12.2,4355
13.47,59
13.46,288
35.74,2
35.75,14
13.43,35
13.42,15
13.41,19
35.71,3
12.7,3518
6.2,74022
5.41,16
5.43,30
5.42,30
5.45,2095
5.44,129
5.47,1758
5.46,3300
5.49,278
5.48,169
17.79,53
105.14,1
28.69,5
28.68,3
68.75,2
68.77,1
28.63,5
28.62,11
28.61,7
28.67,8
28.66,3
28.65,14
28.64,4
21.61,11
21.62,55
21.63,4
21.64,15
21.65,163
21.66,19
21.67,35
21.68,40
21.69,36
126.69,1
60.95,1
60.93,1
33.05,9
33.04,2
33.07,13
33.06,9
33.01,3
51.78,1
33.09,4
33.08,13
62.97,2
62.92,1
17.2,6907
17.3,4743
17.1,715
17.6,621
17.7,619
17.4,1091
17.5,2495
17.8,587
17.9,358
135.5,1
94.06,2
94.03,2
19.67,29
19.66,29
19.65,389
19.64,25
19.63,10
19.62,151
19.61,29
133.66,1
19.69,56
19.68,85
4,1142827
121.5,3
121.2,2
48.58,1
48.59,1
96.09,1
88.91,1
-1.05,1
101.08,1
90.01,1
90.07,1
90.08,1
87.52,1
79.45,1
85.57,1
85.55,2
12.1,2630
91.06,1
91.01,1
66.94,1
66.95,1
57.97,1
57.91,1
47.73,1
47.77,2
47.75,4
47.74,2
12.5,8442
67.13,1
98.3,2
98.7,1
136.87,1
82.37,1
82.31,1
39.09,5
39.08,2
39.03,1
39.02,1
93.08,1
39.07,6
39.06,7
39.05,6
39.04,1
32.02,7
32.03,1
32.01,7
32.06,17
32.07,2
32.04,1
32.05,32
32.08,6
58.14,1
58.17,1
58.16,1
58.12,1
58.18,1
24.34,7
24.35,33
24.36,18
24.37,23
24.31,24
24.32,7
24.33,7
59.99,1
24.38,30
24.39,8
27.75,69
27.77,6
27.76,7
27.71,13
27.73,6
27.72,7
27.79,2
27.78,11
26.72,8
26.73,5
26.71,18
26.76,6
26.77,13
26.75,51
40.65,3
40.64,2
40.67,3
40.66,1
55.44,2
80.79,1
80.76,1
80.77,1
80.75,2
10.46,3243
10.47,803
10.44,1842
10.45,6145
10.42,37
10.43,33
10.41,20
10.48,100
10.49,13
37.58,2
37.59,2
37.56,1
37.57,1
11.65,2666
37.55,2
37.52,2
37.53,1
11.61,36
37.51,2
6.79,111
6.78,142
12.44,19
12.45,3544
6.77,9154
6.76,18320
6.71,477
12.41,9
12.42,54
6.72,52
35.55,6
35.56,2
35.57,1
35.51,2
35.52,4
35.53,2
35.58,2
35.59,1
28.01,7
28.03,1
28.02,2
28.05,35
28.04,5
77.83,1
28.06,14
28.09,4
28.08,16
0.82,2038
42.92,4
0.81,750
0.86,208
0.87,3294
0.84,486
68.99,1
68.96,2
68.97,2
0.88,22549
0.89,1319
68.92,2
42.91,1
42.97,4
75.83,1
75.81,1
42.95,2
21.88,29
21.89,8
21.86,38
21.87,41
21.84,18
21.85,42
21.82,34
21.83,15
21.81,65
33.23,3
33.22,6
33.21,2
33.27,1
33.26,4
33.25,29
33.24,5
33.29,1
33.28,1
26.51,2
77.13,2
24,1988
25,6593
26,1075
27,1157
20,24762
21,1737
22,3573
23,1644
28,1206
29,414
198.69,1
7.07,9611
7.06,19396
7.05,23813
7.04,43
7.03,44
7.02,37
7.01,34
93.31,1
7.09,116
7.08,2761
65.5,10
65.4,1
65.1,2
65.8,3
26.56,10
190.45,1
19.89,28
19.88,110
19.85,106
19.84,26
19.87,71
19.86,28
19.81,116
2.28,1634
19.83,39
19.82,16
1.74,297
1.75,576728
1.76,397
1.77,1086
1.71,563
1.72,2627
1.73,328
8.91,13
1.78,932
1.79,383
89.7,1
89.6,1
89.5,3
2.26,244
2.27,260
94.26,1
94.27,1
50.12,1
72.86,1
96.61,1
96.66,1
48.33,5
48.37,1
48.34,1
182,3
183,1
180,7
181,4
185,4
68.68,1
90.23,1
71.83,2
71.82,1
90.27,1
87.78,1
87.75,2
54.46,5
54.45,1
54.42,1
150.75,1
70.22,1
70.23,1
70.21,1
91.21,1
91.24,1
64.26,1
87.5,5
64.25,3
87.2,1
151.75,1
47.12,2
47.15,1
146.5,2
47.17,2
52.15,2
52.14,3
117.43,1
8,213856
67.73,1
67.75,1
39.61,1
53.92,1
39.62,2
39.65,3
39.64,3
53.96,1
39.68,2
32.28,1
17.89,23
17.88,218
17.87,80
32.21,5
32.22,9
32.23,5
32.24,3
32.25,34
32.26,3
32.27,5
25.55,46
25.54,5
25.57,14
25.56,17
25.51,9
58.36,1
25.53,6
25.52,38
25.59,16
25.58,26
24.52,35
24.53,3
24.51,6
24.56,44
24.57,3
24.54,6
24.55,27
42.45,3
42.44,2
43.88,1
24.59,4
42.41,1
42.43,1
42.42,2
27.52,15
27.51,1
27.56,32
27.55,24
27.54,3
27.59,2
27.58,6
40.93,1
26.64,5
16.26,65
16.27,48
16.24,22
40.48,2
16.22,23
16.23,33
16.21,48
40.42,1
26.52,8
26.53,3
26.54,5
26.55,42
16.28,22
26.57,7
26.69,6
26.68,1
174.5,2
10.68,28
10.69,16
10.64,4
10.65,7507
10.66,1146
10.67,786
10.61,50
10.62,4521
10.63,71
37.75,17
37.76,3
37.77,2
37.71,1
37.72,2
37.78,1
122.34,1
12.28,58
6.18,151
12.22,128
6.12,37222
6.11,114
12.21,608
12.26,202
6.16,13317
6.15,28793
6.14,48
35.32,1
35.33,6
35.31,1
35.36,5
35.35,6
35.38,1
35.39,1
29.86,3
29.87,4
29.85,23
29.82,1
29.83,16
29.81,9
29.88,5
29.89,1
253.8,1
28.29,2
28.28,5
28.27,16
28.26,11
28.25,53
28.23,1
28.22,2
28.21,3
46.16,2
46.17,3
46.15,1
46.12,1
39.48,1
5.85,39498
5.84,49
5.87,22448
5.86,8332
5.81,23
5.83,835
5.82,158
5.89,232
5.88,27929
98.94,1
33.41,5
33.43,1
33.42,5
33.45,6
33.44,1
33.47,1
33.46,5
54.9,5
54.8,3
54.3,1
54.2,2
54.5,17
54.4,2
54.7,1
54.6,1
39.42,1
81.81,1
81.88,1
37.49,1
37.48,2
7.29,359
7.28,206
300,2
7.24,69
302,1
7.26,19402
7.21,1009
7.23,97
7.22,53
37.47,2
12.53,279
12.52,26
78.8,2
12.57,194
78.5,2
78.2,1
6.67,10891
6.64,76
12.54,927
1.52,1055
1.53,786
1.51,3776
1.56,721
1.57,1177
1.54,351
1.55,19307
1.58,23951
1.59,1699
12.59,18
51.01,1
12.58,1145
32.44,1
48.12,3
48.14,1
48.15,3
48.18,1
698.94,1
14.07,91
35.42,3
24.92,3
35.41,3
24.93,11
54.64,1
54.65,2
44.81,1
54.62,1
13.54,14
35.45,7
35.44,1
30.97,3
30.96,6
30.95,6
64.55,2
30.93,1
64.53,3
30.91,3
30.99,4
64.59,1
42.7,10
70.08,1
70.09,2
70.05,3
70.06,1
70.07,1
91.41,1
91.47,1
93.94,1
-2.5,1
-2.1,2
93.91,2
47.39,1
47.37,1
47.36,1
53.08,1
47.33,6
53.05,2
53.04,1
67.53,2
67.52,1
38.66,1
38.67,4
38.64,3
38.65,2
38.62,7
38.61,1
447,2
23.69,11
48.66,2
23.35,14
23.34,11
23.37,18
23.36,13
23.31,50
53.78,1
23.32,42
33,889
39.46,1
39.45,3
30,5613
23.39,6
23.38,28
93.49,1
34,393
4.99,311
4.98,81
4.91,6
4.93,37
4.92,64
4.95,45226
4.94,18
4.97,926
4.96,2090
67.5,25
67.1,1
108.08,1
67.8,1
25.73,3
58.58,3
25.71,7
25.77,11
25.76,10
25.75,82
25.74,7
25.79,2
25.78,3
58.54,1
24.78,1
24.79,5
42.69,1
42.68,2
82.79,1
24.72,4
24.73,4
24.74,3
42.66,5
24.76,3
24.77,5
27.39,5
27.38,15
27.31,5
27.33,15
27.32,3
27.35,6
27.34,2
27.37,6
27.36,4
9.81,11
9.83,6488
40.22,2
40.25,12
9.84,1562
9.87,3541
9.86,3062
9.89,28
9.88,4854
16.08,102
16.09,32
16.04,23
16.05,1118
16.06,127
16.07,40
16.01,19
16.02,22
16.03,35
36.95,1
36.96,3
36.91,2
36.92,2
36.99,3
36.98,3
15.45,1103
15.44,20
15.47,23
15.46,87
15.41,28
15.43,72
15.42,14
10.02,40
10.03,90
10.01,146
10.06,2572
10.07,2139
10.04,37
10.05,9002
37.12,8
37.11,2
37.17,3
37.14,4
37.15,3
110.11,3
37.18,1
37.19,2
58.86,1
55.07,1
55.06,2
25.29,5
55.09,2
55.08,1
72.14,1
208.96,1
72.17,2
35.18,1
12.24,1036
88.99,3
88.95,2
35.12,5
35.14,5
35.15,3
35.16,2
35.17,1
12.25,2754
17.48,25
72.19,1
6.31,14
34.92,3
6.33,880
6.32,102
12.04,25
34.96,3
34.95,7
6.36,15821
12.08,1853
12.09,1180
34.99,1
46.31,2
46.33,6
69.9,2
69.5,4
69.4,1
69.6,1
33.67,8
33.66,7
33.65,12
33.64,1
33.63,2
33.62,3
33.61,2
33.69,3
33.68,2
62.38,2
62.36,1
62.37,2
62.33,3
44.84,1
47.91,1
47.55,2
81.66,1
81.67,1
81.64,2
7.49,110
7.48,227
7.43,61
7.42,39
7.41,11
7.47,9206
7.46,19918
7.45,10995
7.44,285
169.77,1
38.3,3
38.2,17
38.1,11
38.7,7
38.6,12
38.5,61
38.4,29
38.9,8
38.8,24
1.38,186003
1.39,243
79.94,1
79.99,1
1.32,598
1.33,1200
1.34,85
1.35,149216
1.36,530
1.37,99326
95.19,1
94.65,1
94.66,1
114.35,1
114.32,1
56.98,3
73.45,1
73.42,1
73.49,1
101.12,1
7.81,12
54.02,3
135,8
36.9,11
36.8,48
36.5,79
36.4,16
36.7,8
36.6,17
36.1,1
36.3,12
36.2,14
33.16,2
30.79,1
33.17,1
30.75,45
30.74,1
30.77,4
30.76,3
30.71,10
64.71,1
30.73,1
33.15,13
33.12,14
33.13,1
33.11,4
31.9,13
22.98,8
22.99,8
56.8,2
56.2,3
56.1,2
22.93,16
56.7,2
22.95,110
56.5,44
22.97,7
15.13,52
42.3,5
15.16,54
15.17,111
91.66,1
558.62,1
42.6,10
51.58,1
51.55,3
51.51,1
38.48,4
465,1
38.45,3
38.46,3
38.47,6
38.41,2
38.42,1
53.54,1
53.55,2
53.56,1
53.52,1
53.53,2
53.58,2
23.13,10
23.12,62
23.11,38
23.17,33
23.16,13
23.15,43
23.14,8
23.19,21
23.18,24
118.01,1
58.75,5
25.19,6
25.18,12
25.11,16
25.13,3
25.12,74
25.15,12
25.14,8
25.17,11
25.16,8
42.03,2
42.02,2
99.81,1
42.07,2
42.06,2
42.09,3
42.08,1
99.88,1
82.92,3
55.52,1
80.96,1
40.09,1
55.53,1
40.07,4
40.06,4
9.65,2590
40.04,4
9.63,53
9.62,7424
9.61,104
16.68,64
16.69,35
16.62,433
16.63,30
16.61,23
16.66,78
16.67,36
16.64,11
16.65,960
60.3,1
10.21,1940
10.22,23
10.23,80
10.24,27
10.25,7366
10.26,1949
10.27,1069
10.28,26
10.29,1687
15.63,45
15.62,461
15.61,27
15.67,80
15.66,118
15.65,866
15.64,17
15.69,170
15.68,72
37.38,1
37.39,3
37.33,6
37.35,2
37.36,2
37.37,4
55.23,1
55.22,1
27.15,34
27.14,9
27.13,3
27.12,31
55.25,3
55.24,1
12.46,641
55.29,1
55.28,1
27.19,10
27.18,4
67.15,1
73.26,1
73.25,1
0.28,788
0.29,222
0.24,155
0.25,10502
0.26,292
0.27,509
0.21,327
0.22,1944
0.23,292
46.58,1
46.59,1
46.53,1
46.51,1
46.57,1
46.54,1
46.55,3
75.25,1
75.21,1
104.18,1
73.02,1
39.6,12
86.88,1
60.17,1
60.13,1
86.87,1
86.86,1
33.89,4
33.88,3
33.85,5
33.87,4
33.86,3
33.81,3
47.96,1
33.82,3
92.79,1
8.24,67
8.25,33549
8.26,11146
8.27,5843
8.21,2554
8.22,50
8.23,105
8.28,116
8.29,76
149.9,1
141.6,1
141.5,1
81.45,1
81.42,1
49,74
46,144
47,147
44,237
45,688
42,305
81.49,1
40,2198
41,202
84.85,1
62.17,2
84.83,1
84.82,1
62.12,1
62.18,1
62.19,2
84.89,1
84.88,1
95.88,1
190.25,1
190.23,1
1.16,287
1.17,1439
1.14,554
1.15,14402
1.12,185063
1.13,564
1.11,54774
144.44,1
144.42,1
1.18,2127
1.19,849
7.61,63
7.63,72
7.62,22090
7.65,19147
7.64,50
7.67,9574
7.66,16938
7.69,92
7.68,145
79.74,1
79.71,1
2.29,355
50.04,2
46.88,1
46.85,1
45.81,3
45.82,3
45.83,4
45.84,2
45.85,1
45.88,1
45.89,2
73.69,1
73.68,1
115.54,1
54.28,2
54.21,3
54.22,1
54.24,1
54.25,1
54.27,1
117.53,1
117.55,1
117.56,2
117.58,1
30.59,2
30.58,7
70.44,1
64.12,1
64.13,2
30.51,3
64.11,1
30.57,2
30.56,9
30.55,11
30.54,1
64.32,2
64.33,1
53.8,3
53.9,1
53.2,2
64.37,1
53.6,5
53.7,1
53.4,2
53.5,15
51.75,4
67.99,1
51.77,1
75.8,2
75.7,1
75.5,5
67.97,1
67.95,2
67.94,1
91.89,1
91.88,1
91.87,1
91.86,2
82.5,12
91.82,1
38.22,1
38.21,5
38.26,2
38.27,1
38.25,19
53.33,1
53.31,1
53.37,1
53.38,1
53.39,1
23.79,6
23.78,18
93.88,1
23.71,8
23.73,2
23.72,6
23.75,249
23.74,5
23.77,34
23.76,9
43.86,1
25.36,3
25.35,65
25.34,4
25.33,29
25.32,5
25.31,20
43.81,1
58.91,1
25.39,12
43.89,4
20.56,112
20.57,16
20.54,15
20.55,193
20.52,11
20.53,10
20.51,13
20.58,17
20.59,6
42.29,1
42.26,1
42.25,9
42.24,2
42.23,1
42.22,2
42.21,1
16.7,497
16.6,823
16.5,2292
16.4,740
16.3,577
16.2,1117
16.1,561
400,1
16.9,463
16.8,908
9.45,16080
9.44,19
9.47,2471
9.46,6972
9.41,10
9.43,69
9.42,35
9.49,27
9.48,114
16.41,29
16.42,24
16.43,78
16.44,118
16.45,548
16.46,60
16.47,19
16.48,29
16.49,19
40.68,1
116.5,5
116.2,1
26.78,3
26.79,5
15.09,275
15.08,363
15.01,28
15.03,36
15.02,21
15.05,912
15.04,45
15.07,67
15.06,350
120.2,2
41.89,1
55.41,1
41.85,3
41.86,1
55.45,1
41.81,1
41.82,3
41.83,3
180.07,1
46.71,1
0.08,9299
0.09,3139
46.75,8
46.76,1
46.77,1
0.02,15992
0.03,6096
0.01,47811
0.06,2565
0.07,2329
0.04,2741
0.05,11687
20.84,5
75.08,1
188.25,1
75.03,2
75.01,1
75.07,1
20.88,123
104.73,1
118.5,3
18.9,369
18.8,478
18.1,264
18.3,450
18.2,422
18.5,848
18.4,512
18.7,202
18.6,690
60.39,1
92.59,1
92.51,1
92.55,1
2.97,365
2.96,403
2.95,702
2.94,48
2.93,93
2.92,538
2.91,60
2.99,1043
2.98,192
8.02,35
8.03,68
8.01,39
8.06,13291
8.07,7852
8.04,335
8.05,7017
8.08,7739
8.09,110
87.36,1
48.2,5
48.3,4
48.6,4
48.4,5
48.5,20
38.01,2
48.8,14
48.9,1
4.47,852
63.71,1
63.78,1
81.23,1
81.24,1
81.25,3
81.28,1
62.73,1
62.71,2
62.76,1
62.77,2
62.75,2
84.64,1
62.79,2
542.41,1
11.69,27
11.68,49
22.67,20
11.67,308
11.66,434
11.64,1351
11.63,38
11.62,2193
27.17,20
12.48,22
12.49,30
79.55,1
56.91,2
144.26,1
6.75,58911
27.16,4
7.89,347
7.88,15151
7.87,13088
7.86,14946
7.85,7520
7.84,70
7.83,5823
7.82,964
360,1
12.47,102
6.73,63
12.43,70
76.52,1
1.7,1928411
45.68,2
45.69,1
45.66,1
73.03,1
45.65,2
45.62,1
45.63,4
45.61,2
84.69,1
115.72,1
49.33,1
-0.06,4
-0.05,1
-0.08,1
30.31,2
-2.12,1
30.33,14
30.32,3
30.35,4
30.34,2
30.37,3
30.36,2
30.39,3
30.38,5
117.35,1
90.53,1
50.97,2
50.91,1
50.93,1
50.92,1
50.98,1
51.12,1
51.13,1
51.11,2
51.16,1
51.15,2
51.19,1
53.16,1
53.17,1
23.57,9
23.56,39
23.55,89
23.54,9
23.53,8
23.52,12
23.51,10
53.11,1
53.14,1
23.59,8
23.58,18
59,32
58,114
55,376
54,84
57,128
56,93
51,139
50,1643
53,79
52,216
20.78,13
20.79,30
20.74,9
20.75,224
20.76,8
20.77,22
20.71,27
20.72,20
20.73,9
90.34,1
52.93,1
52.92,1
38.02,1
38.03,1
38.04,1
38.05,12
38.06,3
38.07,4
38.08,7
38.09,2
9.23,108
9.22,28
9.21,2838
9.27,2737
9.26,4918
9.25,13084
9.24,1097
9.29,43
9.28,73
172.99,1
28.07,8
15.27,39
15.26,52
15.25,1374
15.24,219
15.23,42
15.22,23
15.21,56
15.29,36
15.28,18
55.67,2
55.66,1
55.65,3
55.63,1
0.83,217
125.8,1
0.85,24892
88.33,1
17.58,72
68.94,1
44.73,1
17.56,206
17.57,23
17.51,14
0.61,223
0.62,1312
0.63,265
0.64,147
0.65,18091
0.66,1786
0.67,997
0.68,1293
0.69,644
77.21,1
17.53,27
77.25,1
6.93,29
6.92,14
6.91,6
6.97,9296
6.96,19977
6.95,8805
6.94,63
34.35,7
34.34,4
6.99,385
34.36,2
34.31,1
46.93,1
34.33,6
34.32,2
104.53,1
29.08,9
29.09,1
29.06,20
29.07,5
29.04,1
29.05,5
29.02,5
29.03,1
29.01,9
60.51,1
60.55,3
60.58,1
86.43,1
92.32,1
92.35,1
92.36,1
97.93,1
75.64,1
97.97,1
52.97,1
52.96,2
8.68,155
8.69,64
8.61,113
8.62,14237
8.63,61
8.64,587
8.65,3583
8.66,7881
8.67,5521
61.55,1
61.57,2
61.56,2
61.52,1
61.59,1
61.58,1
55.5,35
55.6,1
55.7,5
55.1,2
55.2,4
55.3,2
55.8,11
55.9,3
63.55,1
63.54,1
81.08,2
81.02,1
81.03,1
81.06,1
62.59,1
84.43,1
62.51,1
62.57,1
123.08,1
56.79,1
56.78,3
79.35,1
56.75,2
56.74,2
56.72,1
30.42,1
101.73,1
95.28,1
46.95,2
91.19,1
25.26,12
25.27,22
48.91,1
48.92,1
48.94,1
48.95,2
48.96,3
48.97,1
45.45,8
45.46,1
73.23,1
45.42,1
1,15300318
3.47,630
3.46,1026
3.45,113005
3.44,137
3.43,70
3.42,130
3.41,43
24.67,31
3.49,468
3.48,109
49.11,1
49.14,2
49.18,1
117.14,1
117.16,1
117.17,2
-0.29,1
70.86,1
70.81,3
30.18,3
30.17,6
30.16,3
30.15,10
30.14,2
30.13,2
30.12,10
30.11,5
69.88,1
69.82,1
69.86,1
69.84,1
26.8,81
26.9,20
26.6,80
26.7,61
26.4,123
26.5,173
26.2,101
26.3,29
26.1,76
31.25,81
31.24,2
31.27,4
31.26,3
31.21,1
31.23,1
31.22,4
31.29,2
31.28,4
51.38,1
51.33,5
51.34,2
56.4,4
550.29,1
20.18,59
20.19,59
20.12,143
20.13,10
20.11,28
20.16,28
20.17,33
20.14,12
20.15,84
9.09,973
16.85,445
16.86,26
16.87,121
16.81,115
16.82,20
16.83,79
9.01,19
9.03,55
9.02,12
16.88,312
9.04,19
9.07,4428
9.06,5754
28.8,80
28.9,13
28.1,19
28.2,74
28.3,17
28.4,49
28.5,234
28.6,52
28.7,29
108.85,1
55.88,1
55.85,3
55.86,1
55.83,1
25.5,464
111.14,1
111.15,1
111.12,1
111.11,21
10.82,373
10.83,3846
10.81,22
10.86,965
10.87,1644
10.84,13
10.85,1520
36.15,7
36.14,2
36.17,1
10.89,1772
36.11,1
36.13,2
36.12,3
77.43,1
77.45,1
77.44,1
77.47,1
102.1,1
102.5,4
0.48,282
0.49,281
0.46,104
0.47,1149
0.44,638
0.45,3996
0.42,1013
0.43,76
0.41,236
12.88,970
12.89,26
34.19,1
34.18,1
34.13,1
34.12,6
12.82,96
12.83,895
12.84,886
12.85,1038
12.86,152
12.87,439
44.6,5
44.7,4
44.4,14
44.5,36
44.2,11
44.3,1
88.12,1
44.1,8
44.8,1
44.9,3
25.8,193
73.19,1
166.5,2
29.24,3
29.25,54
29.26,1
29.27,10
29.21,2
29.22,4
29.23,2
29.28,1
29.29,2
86.62,1
60.75,2
86.65,1
60.77,1
74.69,1
92.17,1
92.14,1
97.75,1
75.42,2
8.46,12298
8.47,5004
8.44,26
8.45,11844
8.42,37
8.43,63
8.41,9
8.48,176
8.49,518
61.72,2
61.77,1
61.75,3
5.36,2452
18.78,11
60,723
61,52
62,135
63,78
64,34
65,283
66,65
67,69
68,69
69,29
63.33,7
63.34,1
63.36,1
84.25,2
84.26,1
5.38,32892
5.39,71
52.09,2
500,1
78.95,1
78.94,2
78.99,1
56.59,1
56.52,1
56.51,1
56.57,2
56.56,4
56.55,1
79.17,1
66.65,3
66.64,1
66.67,1
66.66,5
66.63,3
66.69,1
753.85,1
34.38,2
46.98,1
46.99,1
34.37,2
6.98,196
45.22,1
45.23,2
45.27,1
45.24,1
45.25,6
818.8,1
45.28,1
40.08,24
3.69,184
3.68,272
3.65,745
3.64,90
3.67,3365
3.66,1492
3.61,44
3.63,142
3.62,162143
115.35,1
49.78,1
49.72,1
49.75,4
49.74,1
253.66,1
40.03,2
31.03,3
31.02,3
31.01,4
31.07,15
31.06,21
31.05,12
31.08,4
112.29,1
112.22,1
112.25,1
101.5,1
101.8,1
23.99,8
23.98,4
23.93,9
23.92,34
23.91,11
23.97,5
23.96,7
23.95,23
23.94,17
18.99,41
18.98,14
18.91,22
18.93,111
18.92,15
18.95,129
18.94,81
18.97,47
18.96,16
100.88,1
20.31,144
20.32,29
20.33,41
20.34,12
20.35,52
20.36,13
20.37,67
20.38,73
20.39,9
99.02,1
4.5,460095
4.4,234393
4.7,183022
4.6,209430
4.1,308523
4.3,247923
4.2,337042
4.9,157467
4.8,219679
5,1144445
25.09,5
20.1,288
20.2,256
20.3,125
20.4,444
20.6,249
20.7,223
25.91,9
26.47,30
25.93,2
25.92,2
25.95,40
25.94,2
25.97,6
25.96,10
25.99,7
25.98,3
40.74,1
26.44,3
26.43,5
16.38,354
27.99,3
27.98,6
27.97,13
27.96,10
27.95,13
27.94,2
27.93,2
27.92,4
27.91,14
41.21,2
66.11,1
155.8,2
83.59,1
66.18,2
36.39,3
36.38,2
36.33,10
36.32,1
36.31,8
36.37,5
36.36,4
36.35,9
90.9,4
90.8,1
90.1,1
83.51,1
90.5,1
77.61,2
34.71,1
34.73,2
34.72,3
34.75,18
34.74,1
34.77,1
34.76,2
34.79,1
34.78,1
88.76,1
88.75,1
76.46,1
29.43,1
76.44,1
76.45,1
29.46,7
76.43,1
29.44,4
29.45,10
29.48,3
29.49,3
180.3,1
180.8,1
74.45,1
74.46,1
97.54,1
97.56,1
14.77,45
97.58,1
97.95,1
61.18,1
61.11,1
61.13,1
302.5,1
86.06,1
63.17,1
63.15,1
63.14,1
63.13,2
63.18,1
5.1,181759
5.2,126150
5.3,116070
5.4,145212
5.5,211975
5.6,105741
5.7,128345
5.8,95261
68.8,1
84.04,1
11.71,849
11.74,12
11.75,3256
150.84,1
150.82,1
11.76,346
11.77,189
6.08,2134
12.38,1008
56.31,1
56.33,2
1.98,754
1.99,2649
56.39,1
56.38,2
1.94,77
1.95,219313
1.92,321
1.93,111
1.91,249
66.43,1
66.42,1
66.47,1
123.45,1
6.02,24
6.03,25
12.35,818
12.34,39
12.37,564
6.07,6335
40.23,1
59.45,1
45.09,3
59.47,1
59.42,1
45.01,1
59.49,1
45.05,2
45.06,2
45.07,5
3.09,157
3.08,8624
40.21,1
3.03,497
3.02,125
3.01,485
3.07,599
3.06,726
3.05,633
3.04,68
49.55,1
48.39,1
49.52,1
49.59,2
49.58,1
44.36,1
44.37,1
44.33,2
44.31,2
64.92,1
64.91,1
11.96,993
11.97,138
11.94,1240
11.95,2615
11.92,28
11.93,49
11.91,19
11.98,69
11.99,24
69.44,1
69.42,1
69.41,1
13.98,12
13.99,29
13.94,9
13.95,1647
13.96,216
13.97,47
13.91,14
13.92,12
13.93,55
31.69,2
31.68,2
65.16,1
31.61,2
31.63,4
31.62,6
31.65,27
113.79,1
31.67,8
31.66,2
-0.62,2
5.98,126
29.96,3
112.07,1
112.09,1
93.7,1
93.5,1
29.99,4
93.8,1
29.98,3
77,48
76,21
75,162
74,21
73,21
72,42
71,30
70,335
79,7
78,23
148.8,1
140.5,1
99.25,1
52.38,1
52.35,2
52.36,2
52.33,3
90.25,1
28.16,5
77.91,1
43.08,3
43.09,1
43.06,3
43.07,1
43.05,3
-96.82,1
34.17,2
41.04,1
41.05,6
41.06,7
41.07,7
41.02,2
2.3,1335856
2.2,1502689
2.1,1858456
41.08,1
2.6,1082145
2.5,2412353
2.4,1400848
72.31,1
58.92,1
36.51,1
36.53,1
36.52,3
36.55,3
36.57,1
36.56,3
36.58,4
111.55,1
15.81,165
17.21,28
15.83,152
15.82,17
15.85,692
15.84,124
15.87,123
15.86,54
15.89,25
15.88,436
32.81,2
17.25,1039
17.24,19
34.59,1
34.58,3
34.57,1
34.56,9
34.55,4
17.26,27
34.53,1
34.52,1
88.58,2
88.59,1
88.55,2
29.68,1
29.69,5
76.69,1
29.61,4
29.62,11
29.63,1
29.64,5
29.65,25
29.66,8
29.67,5
19.4,369
19.5,994
19.6,397
19.7,148
19.1,186
19.2,580
19.3,155
19.8,398
19.9,137
74.22,1
74.23,1
74.24,1
74.25,1
97.33,1
97.31,1
153.35,1
9,77534
8.88,10296
8.89,80
8.82,1185
8.83,8173
8.81,20
8.86,6777
8.87,6967
8.84,66
8.85,12709
61.35,2
87.82,1
61.31,1
61.38,2
86.24,1
86.22,1
86.21,1
121.68,1
85.89,1
52.9,1
52.8,6
52.7,3
85.85,2
52.5,76
52.4,3
52.2,5
52.1,3
74.1,1
74.7,1
74.4,2
71.76,1
71.77,1
71.74,1
71.73,1
2.19,112
2.18,940
2.17,4500
2.16,384
2.15,2535
2.14,198
2.13,235
2.12,407726
71.78,1
3.6,557311
3.7,403710
3.4,503847
3.5,910530
3.2,603369
3.3,686577
3.1,687174
56.16,1
56.13,1
56.11,1
3.9,432394
66.29,1
66.28,1
83.83,1
66.22,1
66.25,4
66.27,1
4.64,36
4.65,53509
4.66,1683
4.67,4302
4.61,18
4.62,87512
4.63,132
4.68,137
4.69,65
57.25,2
57.27,1
57.26,1
57.21,1
117.5,3
73.83,1
73.87,1
73.88,1
24.85,29
24.84,9
24.87,10
24.86,12
24.81,15
59.66,1
24.83,7
24.82,23
24.89,7
24.88,20
26.83,9
26.82,6
26.81,10
26.87,9
26.86,7
26.85,45
26.84,3
26.89,4
26.88,19
17.76,23
17.77,32
17.74,19
17.75,555
44.18,1
44.19,2
17.71,53
44.15,1
44.16,1
44.11,2
17.78,28
44.13,2
69.65,1
105.8,1
69.63,1
69.69,1
105.5,2
3.21,143
3.23,223
3.22,674
3.25,243365
3.24,146
3.27,525
3.26,820
3.29,94
3.28,257
-8.8,1
31.47,3
31.46,5
31.45,8
31.44,1
31.43,1
31.42,5
31.41,6
31.48,2
65.33,3
65.39,1
-0.88,1
47.14,2
18.59,15
18.58,44
18.55,160
18.54,37
18.57,17
18.56,142
18.51,12
18.53,14
18.52,28
100.44,2
49.7,1
49.6,2
49.5,28
49.4,15
50.19,1
105.83,1
50.15,2
50.16,1
50.11,1
49.8,7
68.16,1
99.45,2
38.88,10
38.89,1
38.81,1
38.82,2
38.83,16
52.17,1
38.85,4
38.86,5
38.87,2
43.25,7
43.27,1
43.21,5
43.22,1
43.28,3
46.38,1
-34.2,1
41.62,2
41.63,1
41.66,3
41.67,1
41.65,8
142.85,1
14.06,140
111.75,1
14.04,405
14.05,1118
14.02,11
14.03,40
14.01,10
14.08,346
14.09,24
36.78,1
36.77,2
36.76,1
36.75,24
36.73,2
36.72,2
36.71,5
0.9,665930
0.8,377800
0.1,50681
0.3,4351
0.2,19623
0.5,813500
0.4,6155
0.7,136445
0.6,54950
89.34,1
89.36,1
47.9,2
47.8,2
47.1,3
23.3,77
47.3,3
47.2,9
47.5,82
47.4,6
47.7,3
47.6,8
94.94,1
130.5,1
76.06,1
76.07,1
76.05,1
95.11,2
23.9,66
95.18,1
23.8,100
96.92,1
74.04,1
96.96,2
160.07,1
96.98,1
133,2
132,6
131,1
130,27
137,8
136,2
95.84,2
134,2
138,2
97.13,1
387.5,1
39.67,2
35.79,2
40.45,6
88,40
89,8
82,37
83,18
80,231
81,45
86,14
87,29
84,19
85,54
2.35,54033
2.34,309
2.37,145449
2.36,102
2.31,139
2.33,458
2.32,954
2.39,69
2.38,223717
40.44,5
90.98,1
90.94,1
100.15,1
50.29,1
122.23,1
122.25,1
66.06,1
168.58,1
66.04,1
66.03,1
66.08,1
17.86,23
17.85,474
17.84,11
17.83,66
17.82,8
4.42,174
4.43,58
4.41,143
4.46,1839
17.81,98
4.44,2109
4.45,1563
4.48,177
4.49,151
22.65,117
22.64,7
57.01,1
22.66,19
22.61,10
57.06,1
22.63,4
22.62,53
22.69,21
22.68,23
34.26,2
34.27,3
78.37,1
78.33,1
1.4,2006210
1.5,6755587
1.6,2023612
12.94,6
1.1,1584105
1.2,1932713
1.3,1918920
12.93,37
1.8,2159073
1.9,1801043
59.08,1
59.01,1
59.05,1
108.25,1
49.99,2
49.92,1
49.96,1
49.95,1
44.79,1
72.02,1
17.59,19
72.01,1
17.54,22
17.55,483
32.93,1
32.92,5
32.95,6
32.94,2
17.52,12
44.75,5
69.02,2
97.8,1
97.3,1
69.08,1
69.09,2
97.6,1
97.7,1
97.4,1
97.5,5
42.49,1
42.47,2
65.59,1
65.58,1
42.46,1
65.51,1
65.52,1
65.55,1
65.54,1
125.88,1
68.09,1
128.55,1
5.34,205
5.35,8945
18.79,21
5.37,25130
5.31,37
5.32,164
5.33,1070
18.73,15
18.72,13
18.71,32
18.77,8
18.76,15
18.75,877
18.74,16
100.21,1
100.23,1
100.22,1
100.24,1
100.27,1
100.26,1
50.39,1
50.37,1
50.36,1
50.35,2
50.34,1
99.66,1
52.71,2
52.75,3
52.74,1
52.78,2
26.58,3
26.59,4
40.49,1
21.15,165
21.14,11
21.17,12
16.25,1682
21.11,42
21.13,9
21.12,89
21.19,42
21.18,37
43.43,2
43.41,2
43.46,2
43.47,3
43.45,1
20.92,34
20.93,39
20.91,20
20.96,33
20.97,5
20.94,48
20.95,53
20.98,4
20.99,6
68.4,3
41.49,1
68.1,2
68.3,2
41.41,2
41.42,4
16.29,119
41.44,1
41.45,4
41.47,6
-35.53,1
60.63,1
14.28,14
14.29,29
14.24,13
14.25,2277
14.26,82
14.27,49
14.21,92
14.22,9
14.23,53
89.14,1
89.13,1
89.12,2
53.77,1
76.23,1
76.28,1
115,26
114,4
117,14
116,7
111,31
110,56
113,2
112,11
119,1
118,4
23.2,120
75.75,9
27.3,56
27.2,86
27.1,20
27.7,27
27.6,106
27.5,329
27.4,45
27.9,71
27.8,50
4.21,177
4.22,114
2.53,148
2.52,752
2.51,684
4.23,123
2.57,182
2.56,293
2.55,173225
2.54,81
29.1,34
2.59,257
2.58,5266
4.26,1558
71.33,1
4.27,939
71.37,1
71.35,2
-5.88,1
120.03,1
80.46,2
57.63,1
286.5,1
22.48,11
40.62,3
6.19,88
12.29,33
83.42,1
6.13,65
12.23,55
39.98,1
39.99,3
39.94,1
39.95,1
39.97,4
39.91,2
12.27,125
4.28,183
4.29,104
29.9,16
29.8,30
29.5,111
29.4,69
29.7,22
29.6,49
4.24,60
4.25,120487
29.3,11
29.2,38
22.43,21
22.42,46
22.41,10
22.47,13
22.46,20
22.45,65
22.44,20
22.49,6
57.62,1
57.67,2
58.52,2
